projectId,env,qtiId,title,order,href,placementType,topic,topicOrder,source,frontText,backText,resourceId,errors
"94d78230-6ece-46db-87af-27290abcc0e4",PROD,"82f1cfa1-c88a-42f2-91fc-00a13e059976","fc617624.JaSE11PrgIISG.f1.001",1,"fc617624.JaSE11PrgIISG.f1.001.xml",topic,"Flashcards 1",1,SYBEX,"Given an outer class <code>Opossum</code> and its inner class <code>Tail</code>, how would you create an instance of <code>Tail</code> within a <code>static</code> method of <code>Opossum</code>?","<code>new Opossum().new Tail()</code>","01JBH2ZBY6QW0GMDX6KN3HWXM5",
"94d78230-6ece-46db-87af-27290abcc0e4",PROD,"c4537b60-d9c4-412e-b05d-377d1bb281d5","fc617624.JaSE11PrgIISG.f1.002",2,"fc617624.JaSE11PrgIISG.f1.002.xml",topic,"Flashcards 1",1,SYBEX,"Name the five method types available in an interface.","<code>abstract</code>, <code>default</code>, <code>static</code>, <code>private</code>, and <code>private static</code> methods","01JBH2ZC35C6QW4QW00DWZKQ2P",
"94d78230-6ece-46db-87af-27290abcc0e4",PROD,"d5528391-5c45-45f0-902f-3a4ebed0584a","fc617624.JaSE11PrgIISG.f1.003",3,"fc617624.JaSE11PrgIISG.f1.003.xml",topic,"Flashcards 1",1,SYBEX,"True or false? An inner class can include some <code>static</code> members.","True. An inner class can contain <code>static final</code> fields.","01JBH2ZC8GCX4F1GA3K9AZCE5T",
"94d78230-6ece-46db-87af-27290abcc0e4",PROD,"1a672dcd-e365-4b1f-afad-afdeb5a083ab","fc617624.JaSE11PrgIISG.f1.004",4,"fc617624.JaSE11PrgIISG.f1.004.xml",topic,"Flashcards 1",1,SYBEX,"True or false? A <code>private static</code> interface method can access a <code>default</code> interface method within the same interface.",FALSE,"01JBH2ZB91B2HKKT5PYFKE1Y1T",
"94d78230-6ece-46db-87af-27290abcc0e4",PROD,"b99d4133-1dc1-4ab1-a4e1-ad59f4bc4c4f","fc617624.JaSE11PrgIISG.f1.005",5,"fc617624.JaSE11PrgIISG.f1.005.xml",topic,"Flashcards 1",1,SYBEX,"True or false? A local class can only be declared as extending one class or implementing one interface.",FALSE,"01JBH2ZBEE33ZDXD9DXJYFPFNN",
"94d78230-6ece-46db-87af-27290abcc0e4",PROD,"f6eb8ea4-a28b-4417-8646-4adefc55d5d4","fc617624.JaSE11PrgIISG.f1.006",6,"fc617624.JaSE11PrgIISG.f1.006.xml",topic,"Flashcards 1",1,SYBEX,"Which nested class types can be marked <code>abstract</code> or <code>final</code>?","Inner classes, <code>static</code> nested classes, and local classes","01JBH2ZBKGHV5EZY4RE5FG5NH0",
"94d78230-6ece-46db-87af-27290abcc0e4",PROD,"16efb231-3d66-4c0c-af12-df0eb6d1040e","fc617624.JaSE11PrgIISG.f1.007",7,"fc617624.JaSE11PrgIISG.f1.007.xml",topic,"Flashcards 1",1,SYBEX,"What modifiers are permitted on variables in the parameter list of a lambda expression?","Only <code>final</code> is permitted.","01JBH2ZBS311FCJFKVF1CHP0RE",
"94d78230-6ece-46db-87af-27290abcc0e4",PROD,"4c646d02-da88-41bb-8d3c-0719dca6cdaf","fc617624.JaSE11PrgIISG.f1.008",8,"fc617624.JaSE11PrgIISG.f1.008.xml",topic,"Flashcards 1",1,SYBEX,"What is the shortest equivalent form of the following lambda expression? <code>(Animal a) -> { return 5; }</code>","<code>a -> 5</code>","01JBH2Z9W4ZVFKP241EWRWDJ3S",
"94d78230-6ece-46db-87af-27290abcc0e4",PROD,"2b71afa4-0e9f-483a-a269-cae2271eb6a5","fc617624.JaSE11PrgIISG.f1.009",9,"fc617624.JaSE11PrgIISG.f1.009.xml",topic,"Flashcards 1",1,SYBEX,"What is the result of extending a class marked <code>final</code>?","It does not compile.","01JBH2ZA383YV90SN1EFF2S7PT",
"94d78230-6ece-46db-87af-27290abcc0e4",PROD,"65625148-7ff4-4d4a-bbc9-8a04e58980ed","fc617624.JaSE11PrgIISG.f1.010",10,"fc617624.JaSE11PrgIISG.f1.010.xml",topic,"Flashcards 1",1,SYBEX,"Given an enum <code>Seasons</code>, with values <code>Seasons.FALL</code>, <code>Seasons.WINTER</code>, <code>Seasons.SPRING</code>, and <code>Seasons.SUMMER</code> and a <code>switch</code> statement that uses this enum, what format should the <code>case</code> values be in?","They should be written without the enum name, such as <code>case FALL</code>, not <code>case Seasons.FALL</code>, which does not compile.","01JBH2ZA922V08SSXZTEGVXSK1",
"94d78230-6ece-46db-87af-27290abcc0e4",PROD,"8705aec6-ca62-4ddd-a737-0275d756075b","fc617624.JaSE11PrgIISG.f1.011",11,"fc617624.JaSE11PrgIISG.f1.011.xml",topic,"Flashcards 1",1,SYBEX,"What access modifiers are permitted for enum constructors?","They are implicitly <code>private</code>, which means the compiler treats them as <code>private</code> whether a modifier is declared or not.","01JBH2ZAEJSMGRQ949ZV16T45G",
"94d78230-6ece-46db-87af-27290abcc0e4",PROD,"7bee2d95-0895-4bda-8c5f-d298907d5c1b","fc617624.JaSE11PrgIISG.f1.012",12,"fc617624.JaSE11PrgIISG.f1.012.xml",topic,"Flashcards 1",1,SYBEX,"How do you mark an annotation element as optional?","Provide a non&hyphen;<code>null</code> constant value with the <code>default</code> modifier.","01JBH2ZAM9DH1HAZ7TPNV0QSAY",
"94d78230-6ece-46db-87af-27290abcc0e4",PROD,"29885f86-dd99-4d86-8c26-375e2fe03a1e","fc617624.JaSE11PrgIISG.f1.013",13,"fc617624.JaSE11PrgIISG.f1.013.xml",topic,"Flashcards 1",1,SYBEX,"What modifiers are implicitly applied to all annotation elements?",<code>public</code>,"01JBH2ZASE08XYPQNS7XNBBA0V",
"94d78230-6ece-46db-87af-27290abcc0e4",PROD,"5487c028-d4f1-4a24-b757-01d315692f9f","fc617624.JaSE11PrgIISG.f1.014",14,"fc617624.JaSE11PrgIISG.f1.014.xml",topic,"Flashcards 1",1,SYBEX,"How do you define an annotation value that can be provided without an element name?","Name the element <code>value()</code> and make sure there are no other elements that have required values.","01JBH2ZAYMFT0RXTG50D8K1EVP",
"94d78230-6ece-46db-87af-27290abcc0e4",PROD,"bba10bdc-8054-4f7d-8102-2f6f3f348caa","fc617624.JaSE11PrgIISG.f1.015",15,"fc617624.JaSE11PrgIISG.f1.015.xml",topic,"Flashcards 1",1,SYBEX,"What annotation is used to specify what declarations other annotations can be applied to? What type of values does it take?","<code>@Target</code> with an array of <code>ElementType</code> values","01JBH2ZB3XAVF9K4KA0BRMFGHY",
"94d78230-6ece-46db-87af-27290abcc0e4",PROD,"01ef7f6b-1faf-4e3b-9903-2d23071106b8","fc617624.JaSE11PrgIISG.f1.016",16,"fc617624.JaSE11PrgIISG.f1.016.xml",topic,"Flashcards 1",1,SYBEX,"What are the three possible values for the <code>@Retention</code> annotation?","<code>RententionPolicy.SOURCE</code>, <code>RententionPolicy.CLASS</code>, and <code>RententionPolicy.RUNTIME</code>","01JBH2ZB0MZY20WJ7ZAYX11Q77",
"94d78230-6ece-46db-87af-27290abcc0e4",PROD,"f8fddaa7-6aaa-438e-bcd8-5eb4e24213a3","fc617624.JaSE11PrgIISG.f1.017",17,"fc617624.JaSE11PrgIISG.f1.017.xml",topic,"Flashcards 1",1,SYBEX,"What annotation is used to document the reason why a method is deprecated?","The <code>@deprecated</code> Javadoc annotation","01JBH2ZB67R27EXH2QS8KQ86DA",
"94d78230-6ece-46db-87af-27290abcc0e4",PROD,"7aad6a2d-61fd-4c4c-9a90-5576edd6518c","fc617624.JaSE11PrgIISG.f1.018",18,"fc617624.JaSE11PrgIISG.f1.018.xml",topic,"Flashcards 1",1,SYBEX,"What are the requirements to apply the <code>@SafeVarargs</code> annotation to a declaration?","It can be applied only to a method containing a varargs parameter and not capable of being overridden (it must be marked <code>private</code>, <code>static</code>, or <code>final</code>).","01JBH2ZBBQZC7BZQW1C5JH0FPE",
"94d78230-6ece-46db-87af-27290abcc0e4",PROD,"44c47c6e-8373-47d5-8186-8919077cd730","fc617624.JaSE11PrgIISG.f1.019",19,"fc617624.JaSE11PrgIISG.f1.019.xml",topic,"Flashcards 1",1,SYBEX,"How many annotations are required to create a repeatable annotation?","Two&mdash;the repeatable annotation and its associated containing type annotation","01JBH2ZBGWS3DY671F6XTE5F3Q",
"94d78230-6ece-46db-87af-27290abcc0e4",PROD,"54fce52f-6fe5-43f9-82b2-6861c91fc49e","fc617624.JaSE11PrgIISG.f1.020",20,"fc617624.JaSE11PrgIISG.f1.020.xml",topic,"Flashcards 1",1,SYBEX,"True or false? Adding an <code>@Override</code> annotation to an existing method may cause a compiler error.","True. If the method is not a valid override, the compiler will report an error.","01JBH2ZABAA5ZMA7V406Z7137M",
"94d78230-6ece-46db-87af-27290abcc0e4",PROD,"5969a0c0-4f2d-4124-917f-8a54536f8bcb","fc617624.JaSE11PrgIISG.f1.021",21,"fc617624.JaSE11PrgIISG.f1.021.xml",topic,"Flashcards 1",1,SYBEX,"What value should you pass to <code>@SuppressWarnings</code> to ignore using a <code>List</code> without a generic type?",<code>unchecked</code>,"01JBH2ZAH58NY3Q2EVRRK79B48",
"94d78230-6ece-46db-87af-27290abcc0e4",PROD,"a90cb617-ffea-4dc5-ae05-d15f08407cfa","fc617624.JaSE11PrgIISG.f1.022",22,"fc617624.JaSE11PrgIISG.f1.022.xml",topic,"Flashcards 1",1,SYBEX,"Name two reasons a developer would apply the <code>@FunctionalInterface</code> annotation to an interface.","A developer might want to document that an interface is a functional interface. Also, the developer might want to trigger a compiler error if someone mistakenly alters the interface to no longer contain a single abstract method.","01JBH2ZAPC1MAJSKZM5GJZM1A7",
"94d78230-6ece-46db-87af-27290abcc0e4",PROD,"8feaec56-b375-4ef2-85ca-beea2fc303d4","fc617624.JaSE11PrgIISG.f1.023",23,"fc617624.JaSE11PrgIISG.f1.023.xml",topic,"Flashcards 1",1,SYBEX,"Annotation elements must be of what type?","A primitive type, a <code>String</code>, a <code>Class</code>, an <code>enum</code>, another annotation, or an array of any of these types","01JBH2ZAVC9CZKZBXK8MQY4QQ2",
"94d78230-6ece-46db-87af-27290abcc0e4",PROD,"5880a9dc-b415-4782-929e-260ec533104d","fc617624.JaSE11PrgIISG.f1.024",24,"fc617624.JaSE11PrgIISG.f1.024.xml",topic,"Flashcards 1",1,SYBEX,"Write code to declare an <code>ArrayList</code> of <code>Integer</code> objects using the diamond operator and store it in a <code>List</code>.","<code>List<Integer> list = new ArrayList<>();</code>","01JBH2ZBYSBZ4613FNQHQRS4KF",
"94d78230-6ece-46db-87af-27290abcc0e4",PROD,"4870d19c-dce3-4ee0-a883-a4d2e759fe33","fc617624.JaSE11PrgIISG.f1.025",25,"fc617624.JaSE11PrgIISG.f1.025.xml",topic,"Flashcards 1",1,SYBEX,"Assuming <code>T</code> is a generic type, fill in the blank to make this code compile so that the method returns the same type it is passed in: <code>public static _________ returnObject(T o) { return o;}</code>","<code><T> T</code>","01JBH2ZC49T7ZAGYEG4W3WJ471",
"94d78230-6ece-46db-87af-27290abcc0e4",PROD,"b3e8398e-bdf5-416c-81b6-d688bd5dd087","fc617624.JaSE11PrgIISG.f1.026",26,"fc617624.JaSE11PrgIISG.f1.026.xml",topic,"Flashcards 1",1,SYBEX,"What does FIFO stand for, and what Java Collections Framework interface is it associated with?","First&hyphen;in/first&hyphen;out and <code>Queue</code>","01JBH2ZC9C0715S56RG6P2Z82Y",
"94d78230-6ece-46db-87af-27290abcc0e4",PROD,"94b596a3-a7cc-4ffd-9765-d4e621ab9428","fc617624.JaSE11PrgIISG.f1.027",27,"fc617624.JaSE11PrgIISG.f1.027.xml",topic,"Flashcards 1",1,SYBEX,"Does this compile? <code>List<List> listOfLists = new ArrayList<? super List>();</code>","No. A lower/upper bound may be specified on the left side of a declaration but not the right side.","01JBH2ZCEPZVT4APYWD9AASZN7",
"94d78230-6ece-46db-87af-27290abcc0e4",PROD,"e94295ae-1fef-4f3c-b1d0-7b358a353a69","fc617624.JaSE11PrgIISG.f1.028",28,"fc617624.JaSE11PrgIISG.f1.028.xml",topic,"Flashcards 1",1,SYBEX,"Fill in the blank to make this code compile: <code>List<______ Number> listOfNumbers = new ArrayList<Object>();</code>","<code>? super</code> (this is a lower bound)","01JBH2ZBP1789MNAX0TBS4DVWB",
"94d78230-6ece-46db-87af-27290abcc0e4",PROD,"5fed643f-e7a7-4413-863a-9af93af3a4f1","fc617624.JaSE11PrgIISG.f1.029",29,"fc617624.JaSE11PrgIISG.f1.029.xml",topic,"Flashcards 1",1,SYBEX,"What method do you need to implement in a <code>Comparable</code>, and how many parameters does it take?","<code>compareTo()</code>, and it takes one parameter","01JBH2ZBV87YK7Q5SNH3WPA7GS",
"94d78230-6ece-46db-87af-27290abcc0e4",PROD,"e9a0ffa9-1d71-46de-ae7f-3cede8f9dd7e","fc617624.JaSE11PrgIISG.f1.030",30,"fc617624.JaSE11PrgIISG.f1.030.xml",topic,"Flashcards 1",1,SYBEX,"Does this code compile? <code>List<? extends Number> listOfNumbers = new ArrayList<Number>();</code>","Yes. For upper and lower bounds, the <code>extends</code> and <code>super</code> keywords include the class itself.","01JBH2ZC09JFJN6651KW698C45",
"94d78230-6ece-46db-87af-27290abcc0e4",PROD,"02989fcd-3dad-4971-88b3-4ac3447e3ab5","fc617624.JaSE11PrgIISG.f1.031",31,"fc617624.JaSE11PrgIISG.f1.031.xml",topic,"Flashcards 1",1,SYBEX,"Rewrite this code using a method reference given that a <code>List</code> is passed in: <code>x -> x.isEmpty()</code>","<code>List::isEmpty</code>","01JBH2ZC5BEAYJ90FNTA3FNB0A",
"94d78230-6ece-46db-87af-27290abcc0e4",PROD,"bb3dcf0b-123c-48bd-af7a-6d29312915af","fc617624.JaSE11PrgIISG.f1.032",32,"fc617624.JaSE11PrgIISG.f1.032.xml",topic,"Flashcards 1",1,SYBEX,"What Java Collections Framework interface uses numeric indexes?",<code>List<E></code>,"01JBH2ZCDDF0P4787XNVV93T1M",
"94d78230-6ece-46db-87af-27290abcc0e4",PROD,"8cdf21a8-b00c-4aec-a68e-e08791d3c9be","fc617624.JaSE11PrgIISG.f1.033",33,"fc617624.JaSE11PrgIISG.f1.033.xml",topic,"Flashcards 1",1,SYBEX,"True or false? We can add an element to a <code>List<?></code>.","False. <code>List<Object></code> allows adding to the <code>List</code>. <code>List<?></code> does not because it could be a list of any type.","01JBH2ZCK1GC41X3QAGA8WPFEN",
"94d78230-6ece-46db-87af-27290abcc0e4",PROD,"72cecde5-fc76-4728-8a07-00798072c2f1","fc617624.JaSE11PrgIISG.f1.034",34,"fc617624.JaSE11PrgIISG.f1.034.xml",topic,"Flashcards 1",1,SYBEX,"What three methods taking a lambda as a parameter can you call directly on an <code>ArrayList</code> (without using a stream)?","<code>forEach</code>, <code>removeIf</code>, and <code>replaceAll</code>","01JBH2ZCRE4J3T09Z4JEK2V1J5",
"94d78230-6ece-46db-87af-27290abcc0e4",PROD,"11bef43d-879a-452c-80a2-901497de1240","fc617624.JaSE11PrgIISG.f1.035",35,"fc617624.JaSE11PrgIISG.f1.035.xml",topic,"Flashcards 1",1,SYBEX,"Which functional interface takes one parameter and returns a (possibly) different <code>Object</code> type?","<code>Function<T,V></code>","01JBH2ZCY9HY8H3Y4M36943H69",
"94d78230-6ece-46db-87af-27290abcc0e4",PROD,"bbf06875-7743-4acc-839d-76841187fba1","fc617624.JaSE11PrgIISG.f1.036",36,"fc617624.JaSE11PrgIISG.f1.036.xml",topic,"Flashcards 1",1,SYBEX,"Which of these have a return type of <code>Stream</code>: source, intermediate operation, terminal operation?","Source and intermediate operation","01JBH2ZBQCM70AQPE0S9QH5NRH",
"94d78230-6ece-46db-87af-27290abcc0e4",PROD,"df73af4e-9a01-4392-ac61-ad66040d53fc","fc617624.JaSE11PrgIISG.f1.037",37,"fc617624.JaSE11PrgIISG.f1.037.xml",topic,"Flashcards 1",1,SYBEX,"Which <code>Collector</code> creates a single <code>String</code> from a <code>Stream</code>?","<code>joining()</code>","01JBH2ZBWPKX0N3N24XW14YE7H",
"94d78230-6ece-46db-87af-27290abcc0e4",PROD,"874607c3-2445-4b5d-97fd-fabc474d3a77","fc617624.JaSE11PrgIISG.f1.038",38,"fc617624.JaSE11PrgIISG.f1.038.xml",topic,"Flashcards 1",1,SYBEX,"Name a terminal operation that returns an <code>Optional</code>.","<code>findAny()</code>, <code>findFirst()</code>, <code>min()</code>, or <code>max()</code>","01JBH2ZC1QJZW3T6EA44T8VS9Z",
"94d78230-6ece-46db-87af-27290abcc0e4",PROD,"a6968b51-422f-4a23-9b62-6bdd8bfe94d9","fc617624.JaSE11PrgIISG.f1.039",39,"fc617624.JaSE11PrgIISG.f1.039.xml",topic,"Flashcards 1",1,SYBEX,"Which functional interface takes two parameters and has an <code>accept()</code> method?","<code>BiConsumer<T,U></code>","01JBH2ZC7AQZYKGTWM9BF7GG2D",
"94d78230-6ece-46db-87af-27290abcc0e4",PROD,"56a0679d-7b48-4b37-8f4e-2746771074e8","fc617624.JaSE11PrgIISG.f1.040",40,"fc617624.JaSE11PrgIISG.f1.040.xml",topic,"Flashcards 1",1,SYBEX,"Which <code>Collector</code> returns both the average and the sum in a single call to an <code>IntStream</code>?","<code>summarizingInt()</code>","01JBH2ZABDZCG92CHPCS0A682M",
"94d78230-6ece-46db-87af-27290abcc0e4",PROD,"b4d5d538-7bf5-49b0-98af-b2e153ad16fd","fc617624.JaSE11PrgIISG.f1.041",41,"fc617624.JaSE11PrgIISG.f1.041.xml",topic,"Flashcards 1",1,SYBEX,"Which functional interface takes one parameter and returns the same <code>Object</code> type?","<code>UnaryOperator<T></code>","01JBH2ZAJEPSN26GDBY17EAB38",
"94d78230-6ece-46db-87af-27290abcc0e4",PROD,"ba6207bf-af6d-4bed-b245-6229d5bd0bc8","fc617624.JaSE11PrgIISG.f1.042",42,"fc617624.JaSE11PrgIISG.f1.042.xml",topic,"Flashcards 1",1,SYBEX,"What are the names of all of the primitive streams?","<code>DoubleStream</code>, <code>IntStream</code>, <code>LongStream</code>","01JBH2ZAQFC0Y1TTR770FV51PJ",
"94d78230-6ece-46db-87af-27290abcc0e4",PROD,"c0a9ed58-b526-483d-82e6-1b6cf3f7f268","fc617624.JaSE11PrgIISG.f1.043",43,"fc617624.JaSE11PrgIISG.f1.043.xml",topic,"Flashcards 1",1,SYBEX,"How do you create an <code>Optional</code> with the value <code>""hi""</code>?","<code>Optional.of(""hi"")</code>","01JBH2ZAWZ2Y0YPMDSNZBDAVM9",
"94d78230-6ece-46db-87af-27290abcc0e4",PROD,"3aa17e00-6ad0-42cb-9f54-69ad8140aae6","fc617624.JaSE11PrgIISG.f1.044",44,"fc617624.JaSE11PrgIISG.f1.044.xml",topic,"Flashcards 1",1,SYBEX,"What method do you call on an <code>IntStream</code> instance to convert it to a <code>Stream<Integer></code>?","<code>mapToObj()</code>","01JBH2ZB24BBTH17FHVVXZZ2K8",
"94d78230-6ece-46db-87af-27290abcc0e4",PROD,"8c1f0f51-e382-4554-aa23-4366d939ef82","fc617624.JaSE11PrgIISG.f1.045",45,"fc617624.JaSE11PrgIISG.f1.045.xml",topic,"Flashcards 1",1,SYBEX,"What are the primitive optional types?","<code>OptionalDouble</code>, <code>OptionalInt</code>, <code>OptionalLong</code>","01JBH2ZB76PH5HAM8VN7HGNV5R",
"94d78230-6ece-46db-87af-27290abcc0e4",PROD,"6a38de98-8232-4d43-b267-e6a43afc13b0","fc617624.JaSE11PrgIISG.f1.046",46,"fc617624.JaSE11PrgIISG.f1.046.xml",topic,"Flashcards 1",1,SYBEX,"Which of these are required in a stream pipeline: source, intermediate operation, terminal operation?","Source and terminal operation","01JBH2ZBD7E36BFKN80YNJ4XYG",
"94d78230-6ece-46db-87af-27290abcc0e4",PROD,"a029ef9b-f4e3-4d6e-a73f-9978cc3ec941","fc617624.JaSE11PrgIISG.f1.047",47,"fc617624.JaSE11PrgIISG.f1.047.xml",topic,"Flashcards 1",1,SYBEX,"What is the difference between a checked and unchecked exception?","A checked exception must be handled or declared in the method in which it is thrown, while an unchecked exception does not.","01JBH2ZBJ75WT6WPBA1ZS0HK6P",
"94d78230-6ece-46db-87af-27290abcc0e4",PROD,"727d9824-9db0-4f5d-b54e-d0ba7082de47","fc617624.JaSE11PrgIISG.f1.048",48,"fc617624.JaSE11PrgIISG.f1.048.xml",topic,"Flashcards 1",1,SYBEX,"Which constructors must be implemented in every custom exception class?","When creating a custom exception, implementing a constructor is not required.","01JBH2ZCC1B6539N5EGFG65DWK",
"94d78230-6ece-46db-87af-27290abcc0e4",PROD,"ceec072a-9040-4b48-8deb-7eee12d49e7f","fc617624.JaSE11PrgIISG.f1.049",49,"fc617624.JaSE11PrgIISG.f1.049.xml",topic,"Flashcards 1",1,SYBEX,"True or false? A class must implement <code>Closeable</code> to be used in a try&hyphen;with&hyphen;resources statement.","False. The class must implement <code>AutoCloseable</code>. While <code>Closeable</code> is supported in try&hyphen;with&hyphen;resources statements (since <code>Closeable</code> extends <code>AutoCloseable</code>), it&rsquo;s possible to have a class that implements <code>AutoCloseable</code> but not <code>Closeable</code>.","01JBH2ZCHKSMF3ZZE2EP573S9R",
"94d78230-6ece-46db-87af-27290abcc0e4",PROD,"197f4ffc-f62e-489c-82e5-a55715105043","fc617624.JaSE11PrgIISG.f1.050",50,"fc617624.JaSE11PrgIISG.f1.050.xml",topic,"Flashcards 1",1,SYBEX,"How are suppressed exceptions created?","When more than one exception is thrown at the same time, all but the first exception are suppressed. Suppressed exceptions can come from <code>close()</code> methods within try&hyphen;with&hyphen;resource statements or a <code>finally</code> block.","01JBH2ZCQ666R1QMGCKZ196Z28",
"94d78230-6ece-46db-87af-27290abcc0e4",PROD,"65ebca24-e646-4203-a031-726a28936047","fc617624.JaSE11PrgIISG.f1.051",51,"fc617624.JaSE11PrgIISG.f1.051.xml",topic,"Flashcards 1",1,SYBEX,"What is the syntax of an assertion statement?","It must use the <code>assert</code> keyword, followed by a required <code>boolean</code> condition. An optional colon (<code>:</code>) followed by a message can also be added.","01JBH2ZCWEF7QHDAYXHFFX099Y",
"94d78230-6ece-46db-87af-27290abcc0e4",PROD,"a94e0316-1464-48c7-ac7b-c72302741d17","fc617624.JaSE11PrgIISG.f1.052",52,"fc617624.JaSE11PrgIISG.f1.052.xml",topic,"Flashcards 1",1,SYBEX,"Which <code>java.time</code> class would be best to use to share your birthdate?",<code>LocalDate</code>,"01JBH2ZCB4N8MFRH67MWN15Q78",
"94d78230-6ece-46db-87af-27290abcc0e4",PROD,"31461172-83e5-4529-b0c6-03fdb784b74f","fc617624.JaSE11PrgIISG.f1.053",53,"fc617624.JaSE11PrgIISG.f1.053.xml",topic,"Flashcards 1",1,SYBEX,"What character is used to escape values in a date formatter?","A single quote (<code>'</code>)","01JBH2ZCGAX8HF2C4NEH5BN2KT",
"94d78230-6ece-46db-87af-27290abcc0e4",PROD,"1eeea8c2-f3ce-4f88-86de-3edab5ee814f","fc617624.JaSE11PrgIISG.f1.054",54,"fc617624.JaSE11PrgIISG.f1.054.xml",topic,"Flashcards 1",1,SYBEX,"Define the proper format for a locale <code>String</code> and provide an example of one.","A locale is defined with a required lowercase language code and optional uppercase country code. They are separated by an underscore (<code>_</code>) if both are provided. An example is <code>en_GB</code> for English/Great Britain.","01JBH2ZCPVS0EDDVXAV6HT4121",
"94d78230-6ece-46db-87af-27290abcc0e4",PROD,"e3a087c5-8fae-4c6f-a980-f8d4ff501062","fc617624.JaSE11PrgIISG.f1.055",55,"fc617624.JaSE11PrgIISG.f1.055.xml",topic,"Flashcards 1",1,SYBEX,"What is a locale category, and how is it used?","A locale category is a way to differentiate between the display and formatting of locale&hyphen;based values.","01JBH2ZCW3XWAR1B0919H08979",
"94d78230-6ece-46db-87af-27290abcc0e4",PROD,"f14fc13b-3369-4326-ac4d-63d06b593601","fc617624.JaSE11PrgIISG.f1.056",56,"fc617624.JaSE11PrgIISG.f1.056.xml",topic,"Flashcards 1",1,SYBEX,"True or false? If a resource bundle for the requested locale is not available, the default locale may be used.",TRUE,"01JBH2ZCANWCJG67C2YB5GFQ5K",
"94d78230-6ece-46db-87af-27290abcc0e4",PROD,"3fec0c61-65e5-4e3d-8140-919a648d051a","fc617624.JaSE11PrgIISG.f1.057",57,"fc617624.JaSE11PrgIISG.f1.057.xml",topic,"Flashcards 1",1,SYBEX,"When working with a number formatter, which symbol omits the digit if not does exist?","<code>#</code>","01JBH2ZCFYTSB6XJ669QGNCFYY",
"94d78230-6ece-46db-87af-27290abcc0e4",PROD,"ca803ce3-5f73-4c04-980d-1a052f5dfcf6","fc617624.JaSE11PrgIISG.f1.058",58,"fc617624.JaSE11PrgIISG.f1.058.xml",topic,"Flashcards 1",1,SYBEX,"What type of module has a <code>module-info</code> file?","Named module","01JBH2ZCN6PQ88ZP5TTEKEWBG1",
"94d78230-6ece-46db-87af-27290abcc0e4",PROD,"691bfce5-9806-467a-93d2-45bc0ac05ef1","fc617624.JaSE11PrgIISG.f1.059",59,"fc617624.JaSE11PrgIISG.f1.059.xml",topic,"Flashcards 1",1,SYBEX,"In a service, what class do you call to obtain a list of service providers?","<code>ServiceLocator</code>","01JBH2ZCTRKQJSTKSRKDMJ8Z5D",
"94d78230-6ece-46db-87af-27290abcc0e4",PROD,"860998ad-fca5-40d1-8ff0-76be5b2946af","fc617624.JaSE11PrgIISG.f1.060",60,"fc617624.JaSE11PrgIISG.f1.060.xml",topic,"Flashcards 1",1,SYBEX,"What type of module is on the module path but does not have a <code>module-info.java</code> file?","Automatic module","01JBH2ZCE73NJRCZXXB4GZEDF4",
"94d78230-6ece-46db-87af-27290abcc0e4",PROD,"e85a036e-4038-4cee-8424-0172fc218966","fc617624.JaSE11PrgIISG.f1.061",61,"fc617624.JaSE11PrgIISG.f1.061.xml",topic,"Flashcards 1",1,SYBEX,"Which module is available to all other modules by default?",<code>java.base</code>,"01JBH2ZCKFXGZY5465WZ8AHSJB",
"94d78230-6ece-46db-87af-27290abcc0e4",PROD,"0b8b2389-b3c5-4222-8462-62901f121abe","fc617624.JaSE11PrgIISG.f1.062",62,"fc617624.JaSE11PrgIISG.f1.062.xml",topic,"Flashcards 1",1,SYBEX,"What option do you pass to <code>jdeps</code> to restrict output to a list of modules?","<code>-s</code> or <code>&ndash;summary</code>","01JBH2ZCRS15XS2Y7A3BQ2MCBQ",
"94d78230-6ece-46db-87af-27290abcc0e4",PROD,"c6b2cd11-e588-45fa-b395-7069fb44fab5","fc617624.JaSE11PrgIISG.f1.063",63,"fc617624.JaSE11PrgIISG.f1.063.xml",topic,"Flashcards 1",1,SYBEX,"When do you need to specify the <code>provides</code> directive?","In a service provider module","01JBH2ZCY53KQX9B4S946RTZ98",
"94d78230-6ece-46db-87af-27290abcc0e4",PROD,"9b362311-abf0-4f26-a272-1e9bb8dce561","fc617624.JaSE11PrgIISG.f1.064",64,"fc617624.JaSE11PrgIISG.f1.064.xml",topic,"Flashcards 1",1,SYBEX,"What term defines two modules that mutually attempt to depend on each other?","Cyclic dependencies","01JBH2ZAM5K7JFTRN9RWVFZ3M1",
"94d78230-6ece-46db-87af-27290abcc0e4",PROD,"d9aee6f6-d0ea-4d45-92cb-b60c4abe52be","fc617624.JaSE11PrgIISG.f1.065",65,"fc617624.JaSE11PrgIISG.f1.065.xml",topic,"Flashcards 1",1,SYBEX,"In a top&hyphen;down migration of three modules, how many modules are on the module path after migrating the first module?",Three,"01JBH2ZAS7HQ7W152AJR1J79G9",
"94d78230-6ece-46db-87af-27290abcc0e4",PROD,"645fbfa0-016e-485f-a66a-076faab314ba","fc617624.JaSE11PrgIISG.f1.066",66,"fc617624.JaSE11PrgIISG.f1.066.xml",topic,"Flashcards 1",1,SYBEX,"How do you call a <code>ServiceLoader</code> to get all services that implement the service provider interface <code>Magic</code>?","<code>ServiceLoader.load(Magic.class);</code>","01JBH2ZAYBTH633SWHH2KCFTPG",
"94d78230-6ece-46db-87af-27290abcc0e4",PROD,"a51d1841-4a86-4e24-b239-48eb42e45d6d","fc617624.JaSE11PrgIISG.f1.067",67,"fc617624.JaSE11PrgIISG.f1.067.xml",topic,"Flashcards 1",1,SYBEX,"In a top&hyphen;down migration, what two module types are involved?","Named module and automatic module","01JBH2Z9X3QD1YQG69NJC80RMQ",
"94d78230-6ece-46db-87af-27290abcc0e4",PROD,"1896a33d-c198-4854-a078-1982b75a8200","fc617624.JaSE11PrgIISG.f1.068",68,"fc617624.JaSE11PrgIISG.f1.068.xml",topic,"Flashcards 1",1,SYBEX,"True or false? If an automatic module name is not specified, Java keeps dashes in the generated name.",FALSE,"01JBH2ZA3XYPSMXCXPKVXHV6H1",
"94d78230-6ece-46db-87af-27290abcc0e4",PROD,"1009c991-c37f-4861-8909-4a47f128ccfc","fc617624.JaSE11PrgIISG.f1.069",69,"fc617624.JaSE11PrgIISG.f1.069.xml",topic,"Flashcards 1",1,SYBEX,"What elements comprise a service?","Service provider interface and service locator","01JBH2ZA9B72ZSNBPSWXNHC30W",
"94d78230-6ece-46db-87af-27290abcc0e4",PROD,"1c39ad75-ee31-4c78-ab94-3434299c6a3d","fc617624.JaSE11PrgIISG.f1.070",70,"fc617624.JaSE11PrgIISG.f1.070.xml",topic,"Flashcards 1",1,SYBEX,"What method is used to retrieve a parallel stream from an existing stream?","<code>parallel()</code>","01JBH2ZAEVK7108H16BKXMK8SB",
"94d78230-6ece-46db-87af-27290abcc0e4",PROD,"7b136d28-e3c3-4c69-b9f0-ef90f47574db","fc617624.JaSE11PrgIISG.f1.071",71,"fc617624.JaSE11PrgIISG.f1.071.xml",topic,"Flashcards 1",1,SYBEX,"True or false? The <code>CyclicBarrier</code> may trigger its barrier more than once.","True. Once the barrier has been reached, it may be used again.","01JBH2ZAB2AE739T1XS23YW3BF",
"94d78230-6ece-46db-87af-27290abcc0e4",PROD,"cd41aa6b-78a3-43b1-988d-5a1de59e5dbc","fc617624.JaSE11PrgIISG.f1.072",72,"fc617624.JaSE11PrgIISG.f1.072.xml",topic,"Flashcards 1",1,SYBEX,"What is it called when two threads are stuck forever but appear to be active and making progress?",Livelock,"01JBH2ZAGES805CKDGCFZ05R3D",
"94d78230-6ece-46db-87af-27290abcc0e4",PROD,"9e0305b8-9ed2-49d6-97e8-eb740753558d","fc617624.JaSE11PrgIISG.f1.073",73,"fc617624.JaSE11PrgIISG.f1.073.xml",topic,"Flashcards 1",1,SYBEX,"What method in <code>Thread</code> is used to spawn an asynchronous task?","<code>start()</code>","01JBH2ZAPDWT2S1T1KJWBCYSN9",
"94d78230-6ece-46db-87af-27290abcc0e4",PROD,"d89ba6be-a807-4068-a8cc-8130ee0aac25","fc617624.JaSE11PrgIISG.f1.074",74,"fc617624.JaSE11PrgIISG.f1.074.xml",topic,"Flashcards 1",1,SYBEX,"What <code>ScheduledExecutorService</code> method allows a task to be completed at the same time every hour?","<code>scheduleAtFixedRate(Runnable command, long initialDelay, long period, TimeUnit unit)</code>","01JBH2ZAVNT6MM5FDM2G5X60HK",
"94d78230-6ece-46db-87af-27290abcc0e4",PROD,"80c01a76-4863-423d-a3d6-450523fdea32","fc617624.JaSE11PrgIISG.f1.075",75,"fc617624.JaSE11PrgIISG.f1.075.xml",topic,"Flashcards 1",1,SYBEX,"True or false? The <code>execute()</code> method is used to submit a <code>Callable</code> task to an <code>ExecutorService</code>.","False. The <code>execute()</code> method is for <code>Runnable</code> expressions only.","01JBH2ZB1138FY1YY11NMHVCFA",
"94d78230-6ece-46db-87af-27290abcc0e4",PROD,"a983fec3-bff5-4537-8bbc-7491983808ae","fc617624.JaSE11PrgIISG.f1.076",76,"fc617624.JaSE11PrgIISG.f1.076.xml",topic,"Flashcards 1",1,SYBEX,"Which <code>ExecutorService</code> method will synchronously wait for an entire <code>Collection</code> of tasks to complete?","<code>invokeAll(Collection<? extends Callable<T>> tasks)</code>","01JBH2ZB6EGPC6WDREVCHZYSXV",
"94d78230-6ece-46db-87af-27290abcc0e4",PROD,"dae93ed2-6b80-4d8f-aa7c-e6667b2115c1","fc617624.JaSE11PrgIISG.f1.077",77,"fc617624.JaSE11PrgIISG.f1.077.xml",topic,"Flashcards 1",1,SYBEX,"Which <code>Lock</code> method returns immediately if the lock cannot be acquired?","<code>tryLock()</code>","01JBH2ZBBYNC62PA5KQMT5YH3E",
"94d78230-6ece-46db-87af-27290abcc0e4",PROD,"09d3ff58-809d-4db7-867d-ae69bc831eb9","fc617624.JaSE11PrgIISG.f1.078",78,"fc617624.JaSE11PrgIISG.f1.078.xml",topic,"Flashcards 1",1,SYBEX,"True or false? An instance method that uses the <code>synchronized</code> modifier is equivalent to a method that does not, but instead wraps the body of the method in a <code>synchronized(this) {}</code> block.",TRUE,"01JBH2ZBH9V5BE65CECBYQ3CC7",
"94d78230-6ece-46db-87af-27290abcc0e4",PROD,"0b2f6e69-df4a-452d-873c-1348516cd043","fc617624.JaSE11PrgIISG.f1.079",79,"fc617624.JaSE11PrgIISG.f1.079.xml",topic,"Flashcards 1",1,SYBEX,"Which <code>List</code> class creates a new underlying instance of the class anytime it is modified?","<code>CopyOnWriteArrayList</code>","01JBH2ZB61RCBD8G0M5GED7FH0",
"94d78230-6ece-46db-87af-27290abcc0e4",PROD,"0ab98056-781a-46a9-8c46-322d5654dbfb","fc617624.JaSE11PrgIISG.f1.080",80,"fc617624.JaSE11PrgIISG.f1.080.xml",topic,"Flashcards 1",1,SYBEX,"What is a stateful lambda expression?","A stateful lambda expression is a lambda expression whose results depend on any state that might change during the execution of a pipeline.","01JBH2ZBBFSAR766MSFP6M6ENA",
"94d78230-6ece-46db-87af-27290abcc0e4",PROD,"bdb30202-1604-4c05-93be-86ba489be427","fc617624.JaSE11PrgIISG.f1.081",81,"fc617624.JaSE11PrgIISG.f1.081.xml",topic,"Flashcards 1",1,SYBEX,"Which I/O stream class is best suited for reading a text file?",<code>FileReader</code>,"01JBH2ZBGSR0GPWWJ5ZW8DV54N",
"94d78230-6ece-46db-87af-27290abcc0e4",PROD,"9bd938a4-d262-46a1-b2b1-01e54c81a497","fc617624.JaSE11PrgIISG.f1.082",82,"fc617624.JaSE11PrgIISG.f1.082.xml",topic,"Flashcards 1",1,SYBEX,"Which <code>java.io.File</code> method is used to create a single directory?","<code>mkdir()</code>","01JBH2ZBP1CCPB01101DH7WWRF",
"94d78230-6ece-46db-87af-27290abcc0e4",PROD,"98615518-3897-4d2a-96d8-c2101f638090","fc617624.JaSE11PrgIISG.f1.083",83,"fc617624.JaSE11PrgIISG.f1.083.xml",topic,"Flashcards 1",1,SYBEX,"True or false? The absolute path <code>/zoo/data.txt</code> may refer to a file or directory.","True. Directories can have extensions in their names.","01JBH2ZABKQD4HPNE4TTGBFP8V",
"94d78230-6ece-46db-87af-27290abcc0e4",PROD,"c736f88d-1463-4dbd-870f-5c225cf0c64b","fc617624.JaSE11PrgIISG.f1.084",84,"fc617624.JaSE11PrgIISG.f1.084.xml",topic,"Flashcards 1",1,SYBEX,"Name the four abstract base I/O stream classes.","<code>InputStream</code>, <code>OutputStream</code>, <code>Reader</code>, <code>Writer</code>","01JBH2ZAHZTE128J3WKDFN3J2E",
"94d78230-6ece-46db-87af-27290abcc0e4",PROD,"9eeca406-eba3-4bc2-abf7-ff1148270595","fc617624.JaSE11PrgIISG.f1.085",85,"fc617624.JaSE11PrgIISG.f1.085.xml",topic,"Flashcards 1",1,SYBEX,"What is the advantage of using a <code>Buffered</code> I/O class?","It often improves performance, especially when reading/writing large amounts of data.","01JBH2ZATCVPHPN8KYR0RNJQA9",
"94d78230-6ece-46db-87af-27290abcc0e4",PROD,"65b38088-cd33-40e7-a690-52fcdf2b4de0","fc617624.JaSE11PrgIISG.f1.086",86,"fc617624.JaSE11PrgIISG.f1.086.xml",topic,"Flashcards 1",1,SYBEX,"Which method should be called before calling <code>mark()</code> on an arbitrary <code>InputStream</code>?","<code>markSupported()</code>","01JBH2ZB0BEX6G8BS8FMSVANVS",
"94d78230-6ece-46db-87af-27290abcc0e4",PROD,"39c100b7-b10b-4c61-82c8-9cdee3e7cec4","fc617624.JaSE11PrgIISG.f1.087",87,"fc617624.JaSE11PrgIISG.f1.087.xml",topic,"Flashcards 1",1,SYBEX,"Name the methods in <code>ObjectInputStream</code> and <code>ObjectOutputStream</code> used to work with <code>Object</code> values.","<code>readObject()</code> and <code>writeObject(Object obj)</code>","01JBH2ZB1CND4VBME8YTN3C5DT",
"94d78230-6ece-46db-87af-27290abcc0e4",PROD,"8ca38152-b7b8-436a-b909-4e7585ce835b","fc617624.JaSE11PrgIISG.f1.088",88,"fc617624.JaSE11PrgIISG.f1.088.xml",topic,"Flashcards 1",1,SYBEX,"What exception is thrown if <code>print()</code> is called on a closed <code>PrintStream</code>?","Trick question! <code>PrintStream</code> does not throw an exception. Use <code>checkError()</code> to check for an error.","01JBH2ZB6FJY0B4VJFWVE90THR",
"94d78230-6ece-46db-87af-27290abcc0e4",PROD,"b3d45b84-1963-41f9-85bf-279a4f75138f","fc617624.JaSE11PrgIISG.f1.089",89,"fc617624.JaSE11PrgIISG.f1.089.xml",topic,"Flashcards 1",1,SYBEX,"When reading <code>byte</code> values from an <code>InputStream</code>, what is the proper way to detect the end of the stream?","A <code>-1</code> value will be returned.","01JBH2ZBBYP6PH502DZTBP8Q55",
"94d78230-6ece-46db-87af-27290abcc0e4",PROD,"eeafd260-ed44-4e41-9fa7-885018fef39b","fc617624.JaSE11PrgIISG.f1.090",90,"fc617624.JaSE11PrgIISG.f1.090.xml",topic,"Flashcards 1",1,SYBEX,"What is the return type of the <code>java.io.Console readPassword()</code> method?",<code>char[]</code>,"01JBH2ZBH8AWM8A47EKRAFXK15",
"94d78230-6ece-46db-87af-27290abcc0e4",PROD,"70627a5c-44c0-47c9-a23b-f309a3672d21","fc617624.JaSE11PrgIISG.f1.091",91,"fc617624.JaSE11PrgIISG.f1.091.xml",topic,"Flashcards 1",1,SYBEX,"When calling <code>PrintWriter format()</code> method, what is the meaning of the symbols <code>%n</code> and <code>%d</code>?","The <code>%n</code> symbol is used to indicate a new line, while the <code>%d</code> symbol is used for integer values.","01JBH2ZABJ92K95SDZBMFZA27E",
"94d78230-6ece-46db-87af-27290abcc0e4",PROD,"54cdd39f-8991-4374-9a8f-34227f7a5e4d","fc617624.JaSE11PrgIISG.f1.092",92,"fc617624.JaSE11PrgIISG.f1.092.xml",topic,"Flashcards 1",1,SYBEX,"Which modifier is used to indicate a field should not be serialized?",<code>transient</code>,"01JBH2ZAH7J0Y4NV2DZCB49NH3",
"94d78230-6ece-46db-87af-27290abcc0e4",PROD,"2dc576b3-b41d-4168-a28a-ecd7fc1e470a","fc617624.JaSE11PrgIISG.f1.093",93,"fc617624.JaSE11PrgIISG.f1.093.xml",topic,"Flashcards 1",1,SYBEX,"True or false? The NIO.2 <code>Files</code> class includes an overloaded <code>copy()</code> method that can write a file to an I/O stream.",TRUE,"01JBH2ZAPJGRMHZ5JHBTVMTYY9",
"94d78230-6ece-46db-87af-27290abcc0e4",PROD,"0b798496-74d9-4a80-83ad-368963158ca7","fc617624.JaSE11PrgIISG.f1.094",94,"fc617624.JaSE11PrgIISG.f1.094.xml",topic,"Flashcards 1",1,SYBEX,"Which NIO.2 method is used to make a directory, including all paths leading up to the directory?","<code>Files.createDirectories()</code>","01JBH2ZAW50FNKDNND4A08FCC5",
"94d78230-6ece-46db-87af-27290abcc0e4",PROD,"0f14d9c8-9933-4d5d-82d1-0e1cc3a05eb6","fc617624.JaSE11PrgIISG.f1.095",95,"fc617624.JaSE11PrgIISG.f1.095.xml",topic,"Flashcards 1",1,SYBEX,"What is the default depth limit of <code>Files.walk()</code>?","<code>Integer.MAX_VALUE</code>","01JBH2ZBXDQVD5P976PVFZS5J8",
"94d78230-6ece-46db-87af-27290abcc0e4",PROD,"117a2f13-606c-4e94-a6b4-afe31f324ea4","fc617624.JaSE11PrgIISG.f1.096",96,"fc617624.JaSE11PrgIISG.f1.096.xml",topic,"Flashcards 1",1,SYBEX,"True or false? <code>Files.walk()</code> performs a breadth&hyphen;first search.","False. It performs a depth&hyphen;first search.","01JBH2ZC2YDH1909HDASCKTRY6",
"94d78230-6ece-46db-87af-27290abcc0e4",PROD,"714a4345-6816-4a4f-8b81-1ec0ccd1d161","fc617624.JaSE11PrgIISG.f1.097",97,"fc617624.JaSE11PrgIISG.f1.097.xml",topic,"Flashcards 1",1,SYBEX,"What is an advantage of using <code>Files.find()</code> over <code>Files.walk()</code>?","<code>Files.find()</code> can filter elements with a <code>BiPredicate<Path,BasicFileAttributes></code> expression.","01JBH2ZC8CZ8AQ8JDQFREFK0BE",
"94d78230-6ece-46db-87af-27290abcc0e4",PROD,"14e3170a-4989-4167-b461-9bee720d579a","fc617624.JaSE11PrgIISG.f1.098",98,"fc617624.JaSE11PrgIISG.f1.098.xml",topic,"Flashcards 1",1,SYBEX,"If you have a large file, which NIO.2 method should you use to read the lines of the file and why?","<code>Files.lines()</code> since the data is read using lazy evaluation","01JBH2ZCDE8AH6N9RFZAHNR57X",
"94d78230-6ece-46db-87af-27290abcc0e4",PROD,"5f8455e0-83f4-4989-bcc7-616aefabe355","fc617624.JaSE11PrgIISG.f1.099",99,"fc617624.JaSE11PrgIISG.f1.099.xml",topic,"Flashcards 1",1,SYBEX,"When moving a file within the file system, what is an atomic move?","An atomic move is one in which any process monitoring the file never sees an incomplete file.","01JBH2ZB8D8XAJ1NV9KH60HSTS",
"94d78230-6ece-46db-87af-27290abcc0e4",PROD,"dd6968c1-8a09-4351-b78c-876ce9be8e84","fc617624.JaSE11PrgIISG.f1.100",100,"fc617624.JaSE11PrgIISG.f1.100.xml",topic,"Flashcards 1",1,SYBEX,"Which NIO.2 method is used to rename a directory?","<code>Files.move()</code>","01JBH2ZBDW09GKF851TMGFF8XK",
"94d78230-6ece-46db-87af-27290abcc0e4",PROD,"5418c3db-6c5a-4d39-bfa2-133726ef3031","fc617624.JaSE11PrgIISG.f1.101",101,"fc617624.JaSE11PrgIISG.f1.101.xml",topic,"Flashcards 1",1,SYBEX,"What is the name of the method that creates <code>Path</code> objects in the <code>Path</code> interface?","<code>Path.of()</code>","01JBH2ZBK2KWBKDPRC39PQVV83",
"94d78230-6ece-46db-87af-27290abcc0e4",PROD,"6bde6be5-2caf-4981-b345-e6707c3a5cf6","fc617624.JaSE11PrgIISG.f1.102",102,"fc617624.JaSE11PrgIISG.f1.102.xml",topic,"Flashcards 1",1,SYBEX,"What does the <code>Path resolve()</code> method do?","It joins two paths. If the input argument to the method is an absolute path, then that value is returned.","01JBH2ZBRB2PNTHE5BXNH1KP3T",
"94d78230-6ece-46db-87af-27290abcc0e4",PROD,"42b008c2-89ad-4fb2-9d2e-8b12ec8cbaef","fc617624.JaSE11PrgIISG.f1.103",103,"fc617624.JaSE11PrgIISG.f1.103.xml",topic,"Flashcards 1",1,SYBEX,"What is the result of calling <code>Paths.get(""../music/./note.txt"").normalize()</code>?","<code>../music/note.txt</code>","01JBH2Z9W7F2T601QN89WJMHD9",
"94d78230-6ece-46db-87af-27290abcc0e4",PROD,"37a790fa-547d-409a-8323-59e77aecc13e","fc617624.JaSE11PrgIISG.f1.104",104,"fc617624.JaSE11PrgIISG.f1.104.xml",topic,"Flashcards 1",1,SYBEX,"What are the five key JDBC interfaces you need to know for the exam?","<code>Driver</code>, <code>Connection</code>, <code>PreparedStatement</code>, <code>CallableStatement</code>, and <code>ResultSet</code>","01JBH2ZA2T5ZGZ6TFAPDR0GWHC",
"94d78230-6ece-46db-87af-27290abcc0e4",PROD,"71e0a6d0-2be2-4334-9ed4-c4c75ab265c8","fc617624.JaSE11PrgIISG.f1.105",105,"fc617624.JaSE11PrgIISG.f1.105.xml",topic,"Flashcards 1",1,SYBEX,"Where is the implementation of <code>ResultSet</code> defined?","In a database&hyphen;specific JAR file","01JBH2ZA83MW5T0MMGQNF4TY1E",
"94d78230-6ece-46db-87af-27290abcc0e4",PROD,"4851f418-f590-4e0b-a552-9af1b05db6c5","fc617624.JaSE11PrgIISG.f1.106",106,"fc617624.JaSE11PrgIISG.f1.106.xml",topic,"Flashcards 1",1,SYBEX,"What method gets the first column in a <code>ResultSet</code> if it is an <code>int</code>?","<code>rs.getInt(1)</code>","01JBH2ZADCD1VJ5ARXB2W4T2Y3",
"94d78230-6ece-46db-87af-27290abcc0e4",PROD,"9e68108a-af66-409d-9866-f4bef8bc9535","fc617624.JaSE11PrgIISG.f1.107",107,"fc617624.JaSE11PrgIISG.f1.107.xml",topic,"Flashcards 1",1,SYBEX,"What character is used to separate the three main parts of a JDBC URL?","<code>:</code> (colon)","01JBH2ZAK4SE0H4P9PDREYGTPH",
"94d78230-6ece-46db-87af-27290abcc0e4",PROD,"5effee8c-7d18-4618-b32c-5cad4bc30eb6","fc617624.JaSE11PrgIISG.f1.108",108,"fc617624.JaSE11PrgIISG.f1.108.xml",topic,"Flashcards 1",1,SYBEX,"True or false? In a JDBC URL, the port is required.",FALSE,"01JBH2ZAR4VFJK9HHBZQWXTE96",
"94d78230-6ece-46db-87af-27290abcc0e4",PROD,"fcf9c682-3703-4d48-a2e7-d41b7eb00df3","fc617624.JaSE11PrgIISG.f1.109",109,"fc617624.JaSE11PrgIISG.f1.109.xml",topic,"Flashcards 1",1,SYBEX,"On what class do you call a method to create a <code>CallableStatement</code>?",<code>Connection</code>,"01JBH2ZAXNXX90MW156H6MKH97",
"94d78230-6ece-46db-87af-27290abcc0e4",PROD,"e9f8d4b3-dcbb-435b-8249-9276f9adcf4d","fc617624.JaSE11PrgIISG.f1.110",110,"fc617624.JaSE11PrgIISG.f1.110.xml",topic,"Flashcards 1",1,SYBEX,"When closing a <code>Statement</code>, what other resources get closed?","<code>ResultSet</code>, if there is one open by the statement","01JBH2ZB3AY58Z0SMH0BX3K3SM",
"94d78230-6ece-46db-87af-27290abcc0e4",PROD,"5a70d594-2771-44d2-b960-d782f36b3820","fc617624.JaSE11PrgIISG.f1.111",111,"fc617624.JaSE11PrgIISG.f1.111.xml",topic,"Flashcards 1",1,SYBEX,"What methods on <code>PreparedStatement</code> can run a <code>DELETE</code> SQL statement?","<code>executeUpdate()</code> or <code>execute()</code>","01JBH2ZAM62EZ8A252KZKD98J0",
"94d78230-6ece-46db-87af-27290abcc0e4",PROD,"bad64e7f-375a-4ba0-90cf-da1268e8994d","fc617624.JaSE11PrgIISG.f1.112",112,"fc617624.JaSE11PrgIISG.f1.112.xml",topic,"Flashcards 1",1,SYBEX,"What parameter type can fill in the blank for a <code>PreparedStatement</code> in the following code? <code>ps.setInt(_____, 1);</code>",<code>int</code>,"01JBH2ZASBBZ2NY3NCCF5RVB4A",
"94d78230-6ece-46db-87af-27290abcc0e4",PROD,"1caf635b-0c4e-4cbb-9545-3ef1d99efb1e","fc617624.JaSE11PrgIISG.f1.113",113,"fc617624.JaSE11PrgIISG.f1.113.xml",topic,"Flashcards 1",1,SYBEX,"What does <code>executeUpdate()</code> return?",<code>int</code>,"01JBH2ZAYQHZSS1EBRZZTX5835",
"94d78230-6ece-46db-87af-27290abcc0e4",PROD,"85894bde-6755-4ac6-86ca-89217a948710","fc617624.JaSE11PrgIISG.f1.114",114,"fc617624.JaSE11PrgIISG.f1.114.xml",topic,"Flashcards 1",1,SYBEX,"What method should you call for <code>OUT</code> parameters when working with a <code>CallableStatement</code>?","<code>registerOutParameter()</code>","01JBH2ZB3Y6ZQZ7SMZJHREQ94F",
"94d78230-6ece-46db-87af-27290abcc0e4",PROD,"95bdba5a-7024-4279-8a49-3d2fd4ebf6c5","fc617624.JaSE11PrgIISG.f1.115",115,"fc617624.JaSE11PrgIISG.f1.115.xml",topic,"Flashcards 1",1,SYBEX,"Using the most restrictive access modifier possible is an example of the principle of _______________.","least privilege","01JBH2Z9VZ2XZ2EN56WY9V4JDS",
"94d78230-6ece-46db-87af-27290abcc0e4",PROD,"14d21ce0-3b28-49fa-9de6-7acf97f3cb88","fc617624.JaSE11PrgIISG.f1.116",116,"fc617624.JaSE11PrgIISG.f1.116.xml",topic,"Flashcards 1",1,SYBEX,"What type of copy does the <code>clone()</code> method make by default?","Shallow copy","01JBH2ZA35Y4F9KBYNHYCEY3MD",
"94d78230-6ece-46db-87af-27290abcc0e4",PROD,"7e2d6d39-d70a-40be-b5cf-b5ef531e0482","fc617624.JaSE11PrgIISG.f1.117",117,"fc617624.JaSE11PrgIISG.f1.117.xml",topic,"Flashcards 1",1,SYBEX,"__________ is an attack to trick a database query into doing something unexpected.","SQL injection","01JBH2ZA8HDT3KB3Z9K8FRHXC9",
"94d78230-6ece-46db-87af-27290abcc0e4",PROD,"a64ba2d3-ed6a-4309-97a2-190b51bd86d6","fc617624.JaSE11PrgIISG.f1.118",118,"fc617624.JaSE11PrgIISG.f1.118.xml",topic,"Flashcards 1",1,SYBEX,"What <code>static</code> field do you use to list all the fields you want serialized?","<code>serialPersistentFields</code>","01JBH2ZAE4NP5K9NX1H2SV48BC",
"94d78230-6ece-46db-87af-27290abcc0e4",PROD,"66e9d0d3-32ae-4c83-8a1a-51fcaa8b1713","fc617624.JaSE11PrgIISG.f1.119",119,"fc617624.JaSE11PrgIISG.f1.119.xml",topic,"Flashcards 1",1,SYBEX,"Validating a string matches a list of characters is a ______________.",whitelist,"01JBH2ZBPNW8Z9RM5ZGE3P79E2",
"94d78230-6ece-46db-87af-27290abcc0e4",PROD,"53ece68e-271b-459d-9885-d25365b0a89f","fc617624.JaSE11PrgIISG.f1.120",120,"fc617624.JaSE11PrgIISG.f1.120.xml",topic,"Flashcards 1",1,SYBEX,"True or false? You must be careful not to print confidential information to <code>System.out</code>, but it is OK to print it to <code>System.err</code>.",FALSE,"01JBH2ZBVWKXEX2X9PZJS8XSS6",
"94d78230-6ece-46db-87af-27290abcc0e4",PROD,"0ebfe65b-8e69-4cf8-bc18-b6c39d7f882c","fc617624.JaSE11PrgIISG.f1.121",121,"fc617624.JaSE11PrgIISG.f1.121.xml",topic,"Flashcards 1",1,SYBEX,"An attack that disrupts legitimate requests is a _______________.","Denial of service attack","01JBH2ZC0YGB47V7RDCVGZ73W0",
"94d78230-6ece-46db-87af-27290abcc0e4",PROD,"b1466ba4-e366-4555-b7a5-83b840826739","fc617624.JaSE11PrgIISG.f1.122",122,"fc617624.JaSE11PrgIISG.f1.122.xml",topic,"Flashcards 1",1,SYBEX,"What method often contains references to <code>ObjectOutputStream.PutField</code>?","<code>writeObject()</code>","01JBH2ZC5Z2CWFNGE33S5KD0KM",
"94d78230-6ece-46db-87af-27290abcc0e4",PROD,"9c9fb3f4-90de-4cce-a279-775e1f42fa38","fc617624.JaSE11PrgIISG.f1.123",123,"fc617624.JaSE11PrgIISG.f1.123.xml",topic,"Flashcards 1",1,SYBEX,"What type of object can&rsquo;t change state?",Immutable,"01JBH2ZB9AP4NDE5KXDNTDKTEB",
"94d78230-6ece-46db-87af-27290abcc0e4",PROD,"506de10c-19b1-42e8-8918-37166794b798","fc617624.JaSE11PrgIISG.f1.124",124,"fc617624.JaSE11PrgIISG.f1.124.xml",topic,"Flashcards 1",1,SYBEX,"What kind of file does Java use to specify permissions?",Policy,"01JBH2ZBEFQB2RCDZWRV0FX87E",
"94d78230-6ece-46db-87af-27290abcc0e4",PROD,"e63434c3-ae8e-4824-af9e-f7abefd7b5d7","fc617624.JaSE11PrgIISG.f1.125",125,"fc617624.JaSE11PrgIISG.f1.125.xml",topic,"Flashcards 1",1,SYBEX,"What modifiers do you need to use with <code>serialPersistentFields</code>?","<code>private</code>, <code>static</code>, and <code>final</code>","01JBH2ZBKF1TQ7ZRYWCQ3GVYAK",
"94d78230-6ece-46db-87af-27290abcc0e4",PROD,"83256b12-f392-4418-96b4-b183f64f6f28","fc617624.JaSE11PrgIISG.f1.126",126,"fc617624.JaSE11PrgIISG.f1.126.xml",topic,"Flashcards 1",1,SYBEX,"___________________ is an attack that can run an unintended operating system command at the command line.","Command injection","01JBH2ZBRXV1M1DZFJCPT6Q7NK",
"94d78230-6ece-46db-87af-27290abcc0e4",PROD,"0a105abd-232e-48b3-b081-555a1eebf69f","fc617624.JaSE11PrgIISG.f2.001",127,"fc617624.JaSE11PrgIISG.f2.001.xml",topic,"Flashcards 2",2,SYBEX,"Name the four types of nested classes.","Inner class, <code>static</code> nested class, local class, and anonymous class","01JBH2ZCDCM7EW4057E257VNR2",
"94d78230-6ece-46db-87af-27290abcc0e4",PROD,"1f8c1114-b3ec-475b-824e-183bdbe1497b","fc617624.JaSE11PrgIISG.f2.002",128,"fc617624.JaSE11PrgIISG.f2.002.xml",topic,"Flashcards 2",2,SYBEX,"Given an interface <code>Fly</code> with no abstract methods, how would you create an instance of an anonymous class that implements it?","<code>new Fly() {}</code>","01JBH2ZCJZ4H7V6TR93B4Y5P3D",
"94d78230-6ece-46db-87af-27290abcc0e4",PROD,"152138c2-77e5-4490-b47c-e8e589891e5f","fc617624.JaSE11PrgIISG.f2.003",129,"fc617624.JaSE11PrgIISG.f2.003.xml",topic,"Flashcards 2",2,SYBEX,"Given an interface <code>Cat</code> with a default method <code>meow()</code>, what is the syntax for accessing this <code>default</code> method within a class that implements <code>Cat</code>, assuming that class may override the method?","<code>Cat.super.meow()</code>","01JBH2ZCQZV15B1ZWD148X08Z6",
"94d78230-6ece-46db-87af-27290abcc0e4",PROD,"3cd01efe-8b4d-48fb-91f0-be6c73e30132","fc617624.JaSE11PrgIISG.f2.004",130,"fc617624.JaSE11PrgIISG.f2.004.xml",topic,"Flashcards 2",2,SYBEX,"What condition determines whether an interface is a functional interface?","It contains or inherits exactly one abstract method. The abstract method can also not have a matching signature as a <code>public</code> method in <code>java.lang.Object</code>.","01JBH2ZBT3JT275MARBDHW0J8C",
"94d78230-6ece-46db-87af-27290abcc0e4",PROD,"c4c029c8-cc5e-4198-a6c2-e7b3a5026d19","fc617624.JaSE11PrgIISG.f2.005",131,"fc617624.JaSE11PrgIISG.f2.005.xml",topic,"Flashcards 2",2,SYBEX,"When is a <code>return</code> statement required in a lambda expression?","When the body of the lambda expression is a code block <code>{}</code> and the functional interface associated with the lambda expression has a return type that is not <code>void</code>","01JBH2ZBZVX9X73MER6Y7YJKYY",
"94d78230-6ece-46db-87af-27290abcc0e4",PROD,"1352b6bb-5859-4845-bc12-0432e1934f6f","fc617624.JaSE11PrgIISG.f2.006",132,"fc617624.JaSE11PrgIISG.f2.006.xml",topic,"Flashcards 2",2,SYBEX,"What is the reason for applying the <code>final</code> modifier to a class?","It prevents the class from being extended by another developer.","01JBH2ZC55B88RNP5YMZ559TXQ",
"94d78230-6ece-46db-87af-27290abcc0e4",PROD,"4870dd2c-5e4a-41ad-9f35-1c7cbeb531fb","fc617624.JaSE11PrgIISG.f2.007",133,"fc617624.JaSE11PrgIISG.f2.007.xml",topic,"Flashcards 2",2,SYBEX,"True or false? An enum list requires a semicolon (<code>;</code>) after the list of values.","False. It is optional if the enum contains only a list of values, and it is required if it contains anything besides the list of values.","01JBH2ZCA8GEWH4951XNATYQJW",
"94d78230-6ece-46db-87af-27290abcc0e4",PROD,"738da9da-9ce4-488f-baff-ab3a0e0500f6","fc617624.JaSE11PrgIISG.f2.008",134,"fc617624.JaSE11PrgIISG.f2.008.xml",topic,"Flashcards 2",2,SYBEX,"True or false? Enums must be written in all uppercase.","False. This is a common style, but not required.","01JBH2ZBPYK31SHB5DSR7W9Z3G",
"94d78230-6ece-46db-87af-27290abcc0e4",PROD,"de012f43-ca88-4687-a165-835ec0882bb5","fc617624.JaSE11PrgIISG.f2.009",135,"fc617624.JaSE11PrgIISG.f2.009.xml",topic,"Flashcards 2",2,SYBEX,"True or false? A <code>default</code> interface method can access a <code>private</code> interface method within the same interface.",TRUE,"01JBH2ZBW4ZG2RH6BGPMPH65M1",
"94d78230-6ece-46db-87af-27290abcc0e4",PROD,"51f68860-f695-467b-af29-2445ff2f5e83","fc617624.JaSE11PrgIISG.f2.010",136,"fc617624.JaSE11PrgIISG.f2.010.xml",topic,"Flashcards 2",2,SYBEX,"True or false? An anonymous class can be declared only as extending one class or implementing one interface.",TRUE,"01JBH2ZC182XRV39JH1R6TFX5Y",
"94d78230-6ece-46db-87af-27290abcc0e4",PROD,"4ec1373f-95fc-48c6-b969-9b5f118a0e46","fc617624.JaSE11PrgIISG.f2.011",137,"fc617624.JaSE11PrgIISG.f2.011.xml",topic,"Flashcards 2",2,SYBEX,"Which nested class types can include <code>static</code> methods?","Only <code>static</code> nested classes","01JBH2ZC6F0Y5QRW0TS4WPMWKQ",
"94d78230-6ece-46db-87af-27290abcc0e4",PROD,"05d22333-ed0b-4bd4-a6a5-baa33c27849a","fc617624.JaSE11PrgIISG.f2.012",138,"fc617624.JaSE11PrgIISG.f2.012.xml",topic,"Flashcards 2",2,SYBEX,"Given an outer class <code>Rooster</code> and its inner class <code>Wattle</code>, how would you create an instance of <code>Wattle</code> within an instance method of <code>Rooster</code>?","<code>new Wattle()</code>","01JBH2ZBVFWYBVESV7THR2GXV1",
"94d78230-6ece-46db-87af-27290abcc0e4",PROD,"992077d6-6680-4c5d-9ed3-d4a037a45367","fc617624.JaSE11PrgIISG.f2.013",139,"fc617624.JaSE11PrgIISG.f2.013.xml",topic,"Flashcards 2",2,SYBEX,"Which annotation is used to indicate a method should no longer be used and may be removed in future versions?",<code>@Deprecated</code>,"01JBH2ZC0QS43PA22DDV72SYZF",
"94d78230-6ece-46db-87af-27290abcc0e4",PROD,"d58ff3ec-7fa8-4dc2-8c96-e254a7180036","fc617624.JaSE11PrgIISG.f2.014",140,"fc617624.JaSE11PrgIISG.f2.014.xml",topic,"Flashcards 2",2,SYBEX,"Which annotation causes a class to generate Javadoc with its annotation type information?",<code>@Documented</code>,"01JBH2ZC62T3GC7M8QXZTCW1ZJ",
"94d78230-6ece-46db-87af-27290abcc0e4",PROD,"44fbcaf0-e620-4d0f-bda1-5ab131b7f2cc","fc617624.JaSE11PrgIISG.f2.015",141,"fc617624.JaSE11PrgIISG.f2.015.xml",topic,"Flashcards 2",2,SYBEX,"How do you mark an annotation element as required?","Any element without a <code>default</code> value is considered required.","01JBH2ZCC106DBE2ZZC1W6N8ST",
"94d78230-6ece-46db-87af-27290abcc0e4",PROD,"14cc9581-4303-4749-bfbb-fa4fd418e2d6","fc617624.JaSE11PrgIISG.f2.016",142,"fc617624.JaSE11PrgIISG.f2.016.xml",topic,"Flashcards 2",2,SYBEX,"What implicit modifiers are applied to all annotation variables?","<code>public</code>, <code>static</code>, and <code>final</code>","01JBH2ZB1MQN2Q3YA19HWQJ62E",
"94d78230-6ece-46db-87af-27290abcc0e4",PROD,"04d56336-6666-4c08-8f77-60bfbf71978d","fc617624.JaSE11PrgIISG.f2.017",143,"fc617624.JaSE11PrgIISG.f2.017.xml",topic,"Flashcards 2",2,SYBEX,"Which <code>ElementType</code> passed with <code>@Target</code> allows an annotation to be applied to a cast operation and object creation with <code>new</code>?","<code>ElementType.TYPE_USE</code>","01JBH2ZB7WZ9R782Q7MF7MC6KA",
"94d78230-6ece-46db-87af-27290abcc0e4",PROD,"9fdbd015-42b1-406c-a2ff-1d51e8f8bdfd","fc617624.JaSE11PrgIISG.f2.018",144,"fc617624.JaSE11PrgIISG.f2.018.xml",topic,"Flashcards 2",2,SYBEX,"What is the primary purpose of using an annotation?","It provides metadata about often unrelated types.","01JBH2ZBDJ219HSXTJTHJDC4B9",
"94d78230-6ece-46db-87af-27290abcc0e4",PROD,"6ce599f1-d82d-4570-9823-566c846bb3ac","fc617624.JaSE11PrgIISG.f2.019",145,"fc617624.JaSE11PrgIISG.f2.019.xml",topic,"Flashcards 2",2,SYBEX,"True or false? Annotations are inherited by default from super types.","False. They require the <code>@Inherited</code> annotation to be inherited.","01JBH2ZBJNF4YKMCF0WV2MKKQ1",
"94d78230-6ece-46db-87af-27290abcc0e4",PROD,"8cf95b1c-0c11-4840-af37-7458a1d9f6b6","fc617624.JaSE11PrgIISG.f2.020",146,"fc617624.JaSE11PrgIISG.f2.020.xml",topic,"Flashcards 2",2,SYBEX,"What requirements allow you to pass an array to an annotation without using any braces (<code>{}</code>)?","The annotation must take an array value, and there must be only one element in the array.","01JBH2ZABD4SMR8NSYS9TK18TY",
"94d78230-6ece-46db-87af-27290abcc0e4",PROD,"8d84d0e1-06ac-41e9-9a93-5b33221d7c7b","fc617624.JaSE11PrgIISG.f2.021",147,"fc617624.JaSE11PrgIISG.f2.021.xml",topic,"Flashcards 2",2,SYBEX,"True or false? An annotation cannot be used more than once on the same declaration unless the annotation is declared with the <code>@Repeatable</code> annotation.","True. By default, annotations are not repeatable.","01JBH2ZAH78963ADZBJYMDTQY3",
"94d78230-6ece-46db-87af-27290abcc0e4",PROD,"9a4038f0-4b28-4ba8-9036-f8d448eb635f","fc617624.JaSE11PrgIISG.f2.022",148,"fc617624.JaSE11PrgIISG.f2.022.xml",topic,"Flashcards 2",2,SYBEX,"What value should you pass to <code>@SuppressWarnings</code> to ignore using a deprecated class?",<code>deprecation</code>,"01JBH2ZAPMYJB55QS012AX20GS",
"94d78230-6ece-46db-87af-27290abcc0e4",PROD,"9c8e5d1f-3ed1-46bf-a623-912604fc5dce","fc617624.JaSE11PrgIISG.f2.023",149,"fc617624.JaSE11PrgIISG.f2.023.xml",topic,"Flashcards 2",2,SYBEX,"True or false? Removing a <code>@FunctionalInterface</code> annotation from an existing interface where it is used may cause a compiler error.","False. While the behavior of the application could change, removing the annotation will not influence the compiler.","01JBH2ZAW40B0MHPMZP7ZCHQ1A",
"94d78230-6ece-46db-87af-27290abcc0e4",PROD,"4e796bfc-7e4e-485c-a0b6-f4db076570fb","fc617624.JaSE11PrgIISG.f2.024",150,"fc617624.JaSE11PrgIISG.f2.024.xml",topic,"Flashcards 2",2,SYBEX,"What method do you need to implement in a <code>Comparator</code>, and how many parameters does it take?","<code>compare()</code>, and it takes two parameters","01JBH2ZCBM451JF99FXX0CS8GW",
"94d78230-6ece-46db-87af-27290abcc0e4",PROD,"532b6cb4-b896-446b-83f6-2bd088287e32","fc617624.JaSE11PrgIISG.f2.025",151,"fc617624.JaSE11PrgIISG.f2.025.xml",topic,"Flashcards 2",2,SYBEX,"Fill in the blank to make this code compile: <code>List<______ Number> listOfNumbers = new ArrayList<Integer>();</code>","<code>? extends</code> (this is an upper bound)","01JBH2ZCGPP3AQ6VNXM0A5WN95",
"94d78230-6ece-46db-87af-27290abcc0e4",PROD,"5c9aff7f-f12a-4b2d-bb70-cb43a8ee8aae","fc617624.JaSE11PrgIISG.f2.026",152,"fc617624.JaSE11PrgIISG.f2.026.xml",topic,"Flashcards 2",2,SYBEX,"What Java Collections Framework interface requires unique elements?",<code>Set</code>,"01JBH2ZCPZNK8VD1N0VPZ2ATB5",
"94d78230-6ece-46db-87af-27290abcc0e4",PROD,"bd3b41a6-490e-4b68-8381-36874789e9ee","fc617624.JaSE11PrgIISG.f2.027",153,"fc617624.JaSE11PrgIISG.f2.027.xml",topic,"Flashcards 2",2,SYBEX,"Do lower or upper bounds allow you to add elements to a list?","Lower bounds do because they specify the class that all types must be above using <code>super</code>.","01JBH2ZCW3KYVS9M2CZ4M4FA00",
"94d78230-6ece-46db-87af-27290abcc0e4",PROD,"7a4b8f42-d07e-4406-8595-926c92690f71","fc617624.JaSE11PrgIISG.f2.028",154,"fc617624.JaSE11PrgIISG.f2.028.xml",topic,"Flashcards 2",2,SYBEX,"What Java Collections Framework interface has key/value pairs?",<code>Map</code>,"01JBH2ZBQV8WFGCQYK9VMRVJRC",
"94d78230-6ece-46db-87af-27290abcc0e4",PROD,"e131b70a-b47c-4d31-9dff-60ae790fa949","fc617624.JaSE11PrgIISG.f2.029",155,"fc617624.JaSE11PrgIISG.f2.029.xml",topic,"Flashcards 2",2,SYBEX,"Does this compile? <code>List<> l = new ArrayList<String>();</code>","No. The diamond operator must be on the right side.","01JBH2ZBX96QKV3GS8H8Q4R6S3",
"94d78230-6ece-46db-87af-27290abcc0e4",PROD,"4ef08a2b-eb14-4925-a00c-254b7b83353c","fc617624.JaSE11PrgIISG.f2.030",156,"fc617624.JaSE11PrgIISG.f2.030.xml",topic,"Flashcards 2",2,SYBEX,"What are two ways of creating an immutable set?","<code>Set.of()</code> and <code>Set.copyOf()</code>","01JBH2ZC2VF0WKM9K7SXQF4VC7",
"94d78230-6ece-46db-87af-27290abcc0e4",PROD,"0ef1151a-093b-4d0b-b081-ae18c6c1b607","fc617624.JaSE11PrgIISG.f2.031",157,"fc617624.JaSE11PrgIISG.f2.031.xml",topic,"Flashcards 2",2,SYBEX,"How can you create a <code>Comparator</code> that sorts <code>User</code> objects by <code>getFirstName()</code> as the primary sort order, and <code>getLastName()</code> as the secondary sort order?","<code>Comparator.comparing(User::getFirstName).thenComparing(User::getLastName)</code>","01JBH2ZC86GP7SR4CR507TBR6E",
"94d78230-6ece-46db-87af-27290abcc0e4",PROD,"832b4a62-5422-48ad-aa48-69e31f6778d4","fc617624.JaSE11PrgIISG.f2.032",158,"fc617624.JaSE11PrgIISG.f2.032.xml",topic,"Flashcards 2",2,SYBEX,"Rewrite this code using a method reference: <code>w -> l.contains(w)</code>",<code>l::contains</code>,"01JBH2ZBPD6QQH7ZHGAC158QXZ",
"94d78230-6ece-46db-87af-27290abcc0e4",PROD,"c971700d-dd8a-46c2-b9b5-f098625e4428","fc617624.JaSE11PrgIISG.f2.033",159,"fc617624.JaSE11PrgIISG.f2.033.xml",topic,"Flashcards 2",2,SYBEX,"Does this code compile? <code>List<? implements Collection> byInterface = new ArrayList<Collection>();</code>","No. Upper bounds use <code>extends</code> for both classes and use interfaces as the upper bound.","01JBH2ZBVHEJN4DG4TVJWNHXRY",
"94d78230-6ece-46db-87af-27290abcc0e4",PROD,"d91ee325-1c81-456c-9031-68c9d2daa4b6","fc617624.JaSE11PrgIISG.f2.034",160,"fc617624.JaSE11PrgIISG.f2.034.xml",topic,"Flashcards 2",2,SYBEX,"Rewrite this code using a method reference: <code>() -</code>> <code>new ArrayList<String>()</code>","<code>ArrayList<String>::new</code>","01JBH2ZC1NY63ZB1A716670BVQ",
"94d78230-6ece-46db-87af-27290abcc0e4",PROD,"7a3ef42d-28ad-437b-8122-1b13ed51ec95","fc617624.JaSE11PrgIISG.f2.035",161,"fc617624.JaSE11PrgIISG.f2.035.xml",topic,"Flashcards 2",2,SYBEX,"What is the natural sort ordering of <code>123</code>, <code>abc</code>, and <code>ABC</code>?","<code>123</code>, <code>ABC</code>, <code>abc</code>","01JBH2ZC6YVM45HA22HAKM56ND",
"94d78230-6ece-46db-87af-27290abcc0e4",PROD,"755d7304-7b7d-4867-a26e-e9e3d7144ad7","fc617624.JaSE11PrgIISG.f2.036",162,"fc617624.JaSE11PrgIISG.f2.036.xml",topic,"Flashcards 2",2,SYBEX,"Which of these can exist multiple times in a stream pipeline: source, intermediate operation, terminal operation?","Intermediate operation","01JBH2ZB4ANC93GM5YH9F4YNF4",
"94d78230-6ece-46db-87af-27290abcc0e4",PROD,"5e90f206-1b70-4ca3-b174-9cadd7c9e426","fc617624.JaSE11PrgIISG.f2.037",163,"fc617624.JaSE11PrgIISG.f2.037.xml",topic,"Flashcards 2",2,SYBEX,"Which functional interface takes two parameters and returns a <code>boolean</code>?","<code>BiPredicate<T,U></code>","01JBH2ZBA1JAV37AZED5BKGN1H",
"94d78230-6ece-46db-87af-27290abcc0e4",PROD,"0625b56b-78c2-43f0-8a58-1cb720113c5b","fc617624.JaSE11PrgIISG.f2.038",164,"fc617624.JaSE11PrgIISG.f2.038.xml",topic,"Flashcards 2",2,SYBEX,"Which of these are evaluated immediately after the method rather than participating in deferred execution: source, intermediate operation, terminal operation?","Terminal operation","01JBH2ZBFHVDVSJ2G1GDJBKXAS",
"94d78230-6ece-46db-87af-27290abcc0e4",PROD,"87b1ecbb-cb0c-40f7-a2e2-a1e78cbc2d6d","fc617624.JaSE11PrgIISG.f2.039",165,"fc617624.JaSE11PrgIISG.f2.039.xml",topic,"Flashcards 2",2,SYBEX,"Name a terminal operation that can always terminates on an infinite stream.","<code>findAny()</code> or <code>findFirst()</code>","01JBH2ZBMPZJ9P1F5TK65089Z5",
"94d78230-6ece-46db-87af-27290abcc0e4",PROD,"7564d231-6e92-4a00-97ac-6672da40bf7d","fc617624.JaSE11PrgIISG.f2.040",166,"fc617624.JaSE11PrgIISG.f2.040.xml",topic,"Flashcards 2",2,SYBEX,"Which functional interface takes zero parameters and has a <code>get()</code> method?",<code>Consumer<T></code>,"01JBH2ZAC5JRRHHAFHAK2ZD1H0",
"94d78230-6ece-46db-87af-27290abcc0e4",PROD,"b3ac2b95-3dfe-452a-883d-65468fb87f27","fc617624.JaSE11PrgIISG.f2.041",167,"fc617624.JaSE11PrgIISG.f2.041.xml",topic,"Flashcards 2",2,SYBEX,"Which <code>Collector</code> creates a <code>Map</code> with the keys <code>true</code> and <code>false</code>?","<code>partitioningBy()</code>","01JBH2ZAHQE60QGY2GABWTEJ58",
"94d78230-6ece-46db-87af-27290abcc0e4",PROD,"9dfd5bef-dc51-4bd1-b319-d61dfccd0d79","fc617624.JaSE11PrgIISG.f2.042",168,"fc617624.JaSE11PrgIISG.f2.042.xml",topic,"Flashcards 2",2,SYBEX,"Which intermediate operation returns one element for every element passed into it using a <code>Function</code> to transform?","<code>map()</code>","01JBH2ZAPPDDWMTAV4GBX6W1MH",
"94d78230-6ece-46db-87af-27290abcc0e4",PROD,"5ccdd1de-68f8-4fda-9efa-0890f11185f2","fc617624.JaSE11PrgIISG.f2.043",169,"fc617624.JaSE11PrgIISG.f2.043.xml",topic,"Flashcards 2",2,SYBEX,"Which intermediate operation is used for debugging a finite stream?","<code>peek()</code>","01JBH2ZAW5EY2RY25V7N11FFYV",
"94d78230-6ece-46db-87af-27290abcc0e4",PROD,"f74269a1-a1cb-4f98-9f78-a05bd318d823","fc617624.JaSE11PrgIISG.f2.044",170,"fc617624.JaSE11PrgIISG.f2.044.xml",topic,"Flashcards 2",2,SYBEX,"How do you create an <code>Optional</code> without a value?","<code>Optional.empty()</code>","01JBH2ZB17QHH1GJH7DE14CMJQ",
"94d78230-6ece-46db-87af-27290abcc0e4",PROD,"0cd396cf-69a7-4232-b8ef-e340ae766762","fc617624.JaSE11PrgIISG.f2.045",171,"fc617624.JaSE11PrgIISG.f2.045.xml",topic,"Flashcards 2",2,SYBEX,"Which two <code>static</code> methods create an infinite stream of <code>int</code> primitives?","<code>IntStream.generate()</code> and <code>IntStream.iterate()</code>","01JBH2ZB6A3E5VEF44TYQMT4YG",
"94d78230-6ece-46db-87af-27290abcc0e4",PROD,"103851cb-54a2-487f-98eb-8245a7f3aff4","fc617624.JaSE11PrgIISG.f2.046",172,"fc617624.JaSE11PrgIISG.f2.046.xml",topic,"Flashcards 2",2,SYBEX,"How do you check whether an <code>Optional</code> variable named <code>o</code> contains a value and returns a <code>boolean</code> result?","<code>o.isPresent()</code>","01JBH2ZBBY5JBGC99QRGD6Z39G",
"94d78230-6ece-46db-87af-27290abcc0e4",PROD,"ff9627aa-7fdc-4673-ad2c-87e49f138c53","fc617624.JaSE11PrgIISG.f2.047",173,"fc617624.JaSE11PrgIISG.f2.047.xml",topic,"Flashcards 2",2,SYBEX,"What does the method <code>getProperty(""apple"",""orange"")</code> applied to a <code>java.util.Properties</code> object return on a newly created <code>Properties</code> instance?","<code>orange</code>. Since the <code>Properties</code> instance is nearly created, it would not contain any values, so the default value would be returned.","01JBH2ZBHE4V25A862MFFJCJKT",
"94d78230-6ece-46db-87af-27290abcc0e4",PROD,"2deaa545-3939-4bfd-89b0-d91ccbc54f05","fc617624.JaSE11PrgIISG.f2.048",174,"fc617624.JaSE11PrgIISG.f2.048.xml",topic,"Flashcards 2",2,SYBEX,"True or false? It is a good idea to catch <code>Throwable</code> in your code.","False. Since <code>Error</code> is a subtype of <code>Throwable</code> and <code>Error</code> should never be caught, it is not a good idea to catch <code>Throwable</code>.","01JBH2ZCDJ6X067Q8508SS7NSX",
"94d78230-6ece-46db-87af-27290abcc0e4",PROD,"fb57823a-4771-4f0b-b71f-0940be8aa435","fc617624.JaSE11PrgIISG.f2.049",175,"fc617624.JaSE11PrgIISG.f2.049.xml",topic,"Flashcards 2",2,SYBEX,"What is printed if you fail to catch an unchecked exception?","A stack trace","01JBH2ZCK1GFM6S3YVQS9QMY94",
"94d78230-6ece-46db-87af-27290abcc0e4",PROD,"d27f69aa-2412-40af-b82d-84b24533ee14","fc617624.JaSE11PrgIISG.f2.050",176,"fc617624.JaSE11PrgIISG.f2.050.xml",topic,"Flashcards 2",2,SYBEX,"What is the purpose of using a try&hyphen;with&hyphen;resources statement?","It ensures resources like files and database connections are properly closed at the conclusion of the <code>try</code> section.","01JBH2ZCR30J2F27XJWCBKVBGF",
"94d78230-6ece-46db-87af-27290abcc0e4",PROD,"04541db5-c41d-4f66-9867-5a35b06bf2e1","fc617624.JaSE11PrgIISG.f2.051",177,"fc617624.JaSE11PrgIISG.f2.051.xml",topic,"Flashcards 2",2,SYBEX,"True or false? If a try&hyphen;with&hyphen;resources block causes multiple exceptions to be thrown at the same time, the first exception encountered becomes the primary, and the rest become suppressed exceptions.",TRUE,"01JBH2ZCX6N4NZH0XSSD7FVSC1",
"94d78230-6ece-46db-87af-27290abcc0e4",PROD,"bea95da4-97ca-4ea5-a3f0-cadacebd4932","fc617624.JaSE11PrgIISG.f2.052",178,"fc617624.JaSE11PrgIISG.f2.052.xml",topic,"Flashcards 2",2,SYBEX,"Why is considered a bad practice for an assertion statement to modify a variable?","Assertions may be disabled at runtime, so writing assertion statements that alter outcomes will produce inconsistent results.","01JBH2ZCDAVRTKRF6H550D75H4",
"94d78230-6ece-46db-87af-27290abcc0e4",PROD,"005337fc-e2b0-4418-9cc3-1c37fab93b73","fc617624.JaSE11PrgIISG.f2.053",179,"fc617624.JaSE11PrgIISG.f2.053.xml",topic,"Flashcards 2",2,SYBEX,"Which <code>java.time</code> class would it be best to use to share that the meeting is at 2 p.m. in New York City time on Friday?","<code>ZonedDateTime</code>","01JBH2ZCK0E0YFEFR72KVWNAFC",
"94d78230-6ece-46db-87af-27290abcc0e4",PROD,"3e5649bc-53fc-4ab7-9774-3d42869832f5","fc617624.JaSE11PrgIISG.f2.054",180,"fc617624.JaSE11PrgIISG.f2.054.xml",topic,"Flashcards 2",2,SYBEX,"When working with a number formatter, which symbol displays a zero if the digit does not exist?",<code>0</code>,"01JBH2ZCREB3VPGA3V5TH93NKX",
"94d78230-6ece-46db-87af-27290abcc0e4",PROD,"2eef3103-2bc2-4bd6-8e26-a4b369d4721b","fc617624.JaSE11PrgIISG.f2.055",181,"fc617624.JaSE11PrgIISG.f2.055.xml",topic,"Flashcards 2",2,SYBEX,"Name three ways to obtain a locale object.","Call a <code>Locale</code> constructor, use the <code>Locale.Builder</code> class, or use a built&hyphen;in constant (such as <code>Locale.CHINA</code>)","01JBH2ZCY0AW87RA4KCW1V054K",
"94d78230-6ece-46db-87af-27290abcc0e4",PROD,"db6366bd-13d8-4421-82ee-f58076fe2b44","fc617624.JaSE11PrgIISG.f2.056",182,"fc617624.JaSE11PrgIISG.f2.056.xml",topic,"Flashcards 2",2,SYBEX,"Which class is used to read text properties based on a particular locale?","<code>ResourceBundle</code>","01JBH2ZB3Y2KGPNQVQWK5R4CCH",
"94d78230-6ece-46db-87af-27290abcc0e4",PROD,"7d487e70-7291-4aaf-82e6-71bfdb2d3eb6","fc617624.JaSE11PrgIISG.f2.057",183,"fc617624.JaSE11PrgIISG.f2.057.xml",topic,"Flashcards 2",2,SYBEX,"When working with the <code>MessageFormat</code> class, what is the syntax for parameterized values in text strings?","A number, surrounded by braces <code>{}</code>, indicating the numeric order the parameter is provided","01JBH2ZB93GPD48PHD1BN1D1JC",
"94d78230-6ece-46db-87af-27290abcc0e4",PROD,"26fb6112-3c23-44e1-935f-be4bfd3ee2a5","fc617624.JaSE11PrgIISG.f2.058",184,"fc617624.JaSE11PrgIISG.f2.058.xml",topic,"Flashcards 2",2,SYBEX,"Under what conditions may a resource created before a try&hyphen;with&hyphen;resources statement be used in a try&hyphen;with&hyphen;resources declaration?","The resource must be marked <code>final</code> or effectively final.","01JBH2ZBE7FHGMVRHPECBEDHC9",
"94d78230-6ece-46db-87af-27290abcc0e4",PROD,"4e5e0f05-1799-4f3f-ad0d-29b68a782c45","fc617624.JaSE11PrgIISG.f2.059",185,"fc617624.JaSE11PrgIISG.f2.059.xml",topic,"Flashcards 2",2,SYBEX,"In a service, what is the name of the artifact that implements an interface?","Service provider","01JBH2ZBKC86DB8NS5PZ6AQVM1",
"94d78230-6ece-46db-87af-27290abcc0e4",PROD,"2595451a-2e46-421f-be7c-fd59dfa67dd1","fc617624.JaSE11PrgIISG.f2.060",186,"fc617624.JaSE11PrgIISG.f2.060.xml",topic,"Flashcards 2",2,SYBEX,"What type of module is on the classpath?","Unnamed module","01JBH2ZBS0KPTDG4KCGWBQCB8K",
"94d78230-6ece-46db-87af-27290abcc0e4",PROD,"c92db39c-d642-428f-b48d-c322dcd5d29b","fc617624.JaSE11PrgIISG.f2.061",187,"fc617624.JaSE11PrgIISG.f2.061.xml",topic,"Flashcards 2",2,SYBEX,"When do you need to call the <code>get()</code> method on <code>Provider</code> when working with a service?","When calling the <code>stream()</code> method on <code>ServiceLoader</code>","01JBH2ZBY7P2DWVYP41TXHX015",
"94d78230-6ece-46db-87af-27290abcc0e4",PROD,"3b54cdff-4049-4184-8dd5-bf032dbb3327","fc617624.JaSE11PrgIISG.f2.062",188,"fc617624.JaSE11PrgIISG.f2.062.xml",topic,"Flashcards 2",2,SYBEX,"When do you need to specify the <code>uses</code> directive?","In a module that uses a service loader","01JBH2ZC3731WR5HFY0NBZ2S07",
"94d78230-6ece-46db-87af-27290abcc0e4",PROD,"a44ff8ea-b0fb-4601-94e8-4412533bb040","fc617624.JaSE11PrgIISG.f2.063",189,"fc617624.JaSE11PrgIISG.f2.063.xml",topic,"Flashcards 2",2,SYBEX,"What option do you pass to <code>jdeps</code> to include information about unsupported modules?","<code>--jdk-internals</code> or <code>-jdkinternals</code>","01JBH2ZC90SDX1HY5AA3J0RBMC",
"94d78230-6ece-46db-87af-27290abcc0e4",PROD,"f69ccd65-f60c-4bb8-b4bf-da0d8b668b01","fc617624.JaSE11PrgIISG.f2.064",190,"fc617624.JaSE11PrgIISG.f2.064.xml",topic,"Flashcards 2",2,SYBEX,"Does the <code>uses</code> directive specify a module, package, interface, or class?","Fully qualified interface","01JBH2ZAMMGDRG8SG6VWNQE1AN",
"94d78230-6ece-46db-87af-27290abcc0e4",PROD,"78dbd9c5-164b-488e-a984-33d1cc892af3","fc617624.JaSE11PrgIISG.f2.065",191,"fc617624.JaSE11PrgIISG.f2.065.xml",topic,"Flashcards 2",2,SYBEX,"What is the syntax for a <code>provides</code> directive with service provider interface <code>santa.factory</code> and service provider <code>santa.elves</code>?","<code>provides santa.factory with santa.elves;</code>","01JBH2ZAT1E9SMGHSZRXDNVDK5",
"94d78230-6ece-46db-87af-27290abcc0e4",PROD,"4bbc569b-cb13-4f1c-b90d-6a36004bbc3a","fc617624.JaSE11PrgIISG.f2.066",192,"fc617624.JaSE11PrgIISG.f2.066.xml",topic,"Flashcards 2",2,SYBEX,"In a bottom&hyphen;up migration of three modules, how many modules are on the module path after migrating the first module?",One,"01JBH2ZAZ8TXB2H9NN2DECVDVS",
"94d78230-6ece-46db-87af-27290abcc0e4",PROD,"59e4b0bd-52bb-4c9d-adf1-b737d3805be8","fc617624.JaSE11PrgIISG.f2.067",193,"fc617624.JaSE11PrgIISG.f2.067.xml",topic,"Flashcards 2",2,SYBEX,"What property do you specify in the manifest of an automatic module to provide the name that will be used after conversion to a named module?","<code>Automatic-Module-Name</code>","01JBH2Z9X0KNZDYH36HQ2XNMS9",
"94d78230-6ece-46db-87af-27290abcc0e4",PROD,"b29e94a2-a6eb-441f-b6ad-eb2a06ef1a14","fc617624.JaSE11PrgIISG.f2.068",194,"fc617624.JaSE11PrgIISG.f2.068.xml",topic,"Flashcards 2",2,SYBEX,"In a bottom&hyphen;up migration, what two module types are involved?","Named module and unnamed module","01JBH2ZA4AQVHCWE7JHJMHKDVQ",
"94d78230-6ece-46db-87af-27290abcc0e4",PROD,"ea9b98e3-9d1d-449e-87f9-ac047b53072f","fc617624.JaSE11PrgIISG.f2.069",195,"fc617624.JaSE11PrgIISG.f2.069.xml",topic,"Flashcards 2",2,SYBEX,"True or false? If an automatic module name is not specified, Java keeps dots in the generated name.",TRUE,"01JBH2ZA9RSAXWVHDWD7DBPPB9",
"94d78230-6ece-46db-87af-27290abcc0e4",PROD,"5257a06d-0ac9-417d-8a2c-882f3fe80a04","fc617624.JaSE11PrgIISG.f2.070",196,"fc617624.JaSE11PrgIISG.f2.070.xml",topic,"Flashcards 2",2,SYBEX,"What method is used to retrieve a parallel stream from a <code>Collection</code> object?","<code>parallelStream()</code>","01JBH2ZAF6J38SFTMDSNY97AAH",
"94d78230-6ece-46db-87af-27290abcc0e4",PROD,"d3e610cd-e439-474d-b33a-f6db7ba9b528","fc617624.JaSE11PrgIISG.f2.071",197,"fc617624.JaSE11PrgIISG.f2.071.xml",topic,"Flashcards 2",2,SYBEX,"What method in <code>CyclicBarrier</code> causes a thread to wait for the barrier to be reached?","<code>await()</code>","01JBH2ZAARRDCYGQCBY1MRMYVX",
"94d78230-6ece-46db-87af-27290abcc0e4",PROD,"14b42b4f-54b9-41da-a9f7-12002c99190c","fc617624.JaSE11PrgIISG.f2.072",198,"fc617624.JaSE11PrgIISG.f2.072.xml",topic,"Flashcards 2",2,SYBEX,"What is the name for an undesirable result when two tasks that should be completed sequentially are completed at the same time?","Race condition","01JBH2ZAG8Z7PF3PBCG59PD2SN",
"94d78230-6ece-46db-87af-27290abcc0e4",PROD,"dd6a8142-ba6a-48dd-8f04-9373a7b9c106","fc617624.JaSE11PrgIISG.f2.073",199,"fc617624.JaSE11PrgIISG.f2.073.xml",topic,"Flashcards 2",2,SYBEX,"What are the similarities and differences between the <code>ExecutorService</code> methods <code>shutdown()</code> and <code>shutdownNow()</code>?","Both <code>shutdown()</code> and <code>shutdownNow()</code> will cause an <code>ExecutorService</code> to stop accepting new tasks. Unlike the <code>shutdown()</code> method, the <code>shutdownNow()</code> will attempt to stop all previously submitted tasks.","01JBH2ZANEE8GPH1PAM7380GCY",
"94d78230-6ece-46db-87af-27290abcc0e4",PROD,"3d095449-26e8-4c62-8fc3-7759043fdbc7","fc617624.JaSE11PrgIISG.f2.074",200,"fc617624.JaSE11PrgIISG.f2.074.xml",topic,"Flashcards 2",2,SYBEX,"Which <code>ScheduledExecutorService</code> method allows a task to be completed at a set interval between executions?","<code>scheduleWithFixedDelay(Runnable command, long initialDelay, long period, TimeUnit unit)</code>","01JBH2ZATSY62E2FGWMWBS956F",
"94d78230-6ece-46db-87af-27290abcc0e4",PROD,"9930736d-2298-425a-9f3a-3af90c811a71","fc617624.JaSE11PrgIISG.f2.075",201,"fc617624.JaSE11PrgIISG.f2.075.xml",topic,"Flashcards 2",2,SYBEX,"What are the similarities and differences between <code>Runnable</code> and <code>Callable</code>?","Both <code>Runnable</code> and <code>Callable</code> do not take any arguments. <code>Runnable</code> does not return a value, while <code>Callable</code> returns a generic value.","01JBH2ZB0BM67M480DAX5GH6MT",
"94d78230-6ece-46db-87af-27290abcc0e4",PROD,"443ef981-f057-4c1c-b96f-648b41cc00db","fc617624.JaSE11PrgIISG.f2.076",202,"fc617624.JaSE11PrgIISG.f2.076.xml",topic,"Flashcards 2",2,SYBEX,"Which <code>Lock</code> method will wait indefinitely for a lock if it cannot be acquired?","<code>lock()</code>","01JBH2ZB5TZXQ79TD6QXKSEFQ2",
"94d78230-6ece-46db-87af-27290abcc0e4",PROD,"b9da8342-4802-4943-85ca-e676922868fa","fc617624.JaSE11PrgIISG.f2.077",203,"fc617624.JaSE11PrgIISG.f2.077.xml",topic,"Flashcards 2",2,SYBEX,"What object does a <code>static synchronized</code> method synchronize on?","The static <code>class</code> object. For example, given a class named <code>Wolf</code>, a <code>static synchronized</code> method would synchronize on <code>Wolf.class</code>.","01JBH2ZBBN9DK8GJQ0WQ4E2YN7",
"94d78230-6ece-46db-87af-27290abcc0e4",PROD,"e25992ef-c9a6-41b4-a7f9-0df8b0b686dd","fc617624.JaSE11PrgIISG.f2.078",204,"fc617624.JaSE11PrgIISG.f2.078.xml",topic,"Flashcards 2",2,SYBEX,"Which <code>Collections</code> method provides a thread&hyphen;safe version of an existing <code>Map</code>?","<code>Collections.synchronizedMap(Map<K,V> m)</code>","01JBH2ZBGWM5NY7TDZVYA7V7FX",
"94d78230-6ece-46db-87af-27290abcc0e4",PROD,"c6c7d052-2647-4821-b6c3-c423998c76d5","fc617624.JaSE11PrgIISG.f2.079",205,"fc617624.JaSE11PrgIISG.f2.079.xml",topic,"Flashcards 2",2,SYBEX,"What is a <code>ConcurrentSkipListMap</code>?","A <code>ConcurrentSkipListMap</code> is a thread&hyphen;safe <code>Map</code> that maintains a natural ordering of its keys.","01JBH2ZB0M7ZXBNZPBJXB54AR6",
"94d78230-6ece-46db-87af-27290abcc0e4",PROD,"c26d8e42-04ef-4413-a4db-016bae602a2a","fc617624.JaSE11PrgIISG.f2.080",206,"fc617624.JaSE11PrgIISG.f2.080.xml",topic,"Flashcards 2",2,SYBEX,"What properties of a <code>Collector</code> and stream must be true for a parallel reduction to be performed?","The <code>Collector</code> must have the property of <code>Characteristics.CONCURRENT</code>. If the stream is ordered, then the <code>Collector</code> must also have the property of <code>Characteristics.UNORDERED</code>. Finally, the stream must be parallel.","01JBH2ZB5ZB612ZQ8Y2B5HQM2K",
"94d78230-6ece-46db-87af-27290abcc0e4",PROD,"f6a87bc2-50d8-46ef-a30b-c215102f8e19","fc617624.JaSE11PrgIISG.f2.081",207,"fc617624.JaSE11PrgIISG.f2.081.xml",topic,"Flashcards 2",2,SYBEX,"True or false? The <code>findAny()</code> method will return the first value in a serial stream and any value in a parallel stream.","False. The behavior of <code>findAny()</code> on a serial stream is not guaranteed. It can return any element on either a serial or parallel stream.","01JBH2ZBBDDJG92TDHPJYRXRHG",
"94d78230-6ece-46db-87af-27290abcc0e4",PROD,"c70f985e-4eaa-4853-949d-41742724f2c9","fc617624.JaSE11PrgIISG.f2.082",208,"fc617624.JaSE11PrgIISG.f2.082.xml",topic,"Flashcards 2",2,SYBEX,"Define serialization and deserialization.","Serialization is the process of converting an in&hyphen;memory object to a byte stream, while deserialization is the reciprocal process.","01JBH2ZBGVB02VKZBB72BV9J3D",
"94d78230-6ece-46db-87af-27290abcc0e4",PROD,"4ea8c0b2-dea7-4f6c-80cd-3e92e1e1cd21","fc617624.JaSE11PrgIISG.f2.083",209,"fc617624.JaSE11PrgIISG.f2.083.xml",topic,"Flashcards 2",2,SYBEX,"Which I/O stream class is best suited for writing binary data to a file?","<code>FileOutputStream</code>","01JBH2ZAB2AHR3V3MXXYTA6KYY",
"94d78230-6ece-46db-87af-27290abcc0e4",PROD,"4ffedf66-d8ad-4410-b105-9ba6d2d191c4","fc617624.JaSE11PrgIISG.f2.084",210,"fc617624.JaSE11PrgIISG.f2.084.xml",topic,"Flashcards 2",2,SYBEX,"True or false? The <code>java.io.Directory</code> class is to used to read directories.","False. The <code>java.io.File</code> class is used for both files and directories.","01JBH2ZAGE0H6XBJ2NFWX457JG",
"94d78230-6ece-46db-87af-27290abcc0e4",PROD,"0cfaa1ef-a098-4071-b115-e712e9abc825","fc617624.JaSE11PrgIISG.f2.085",211,"fc617624.JaSE11PrgIISG.f2.085.xml",topic,"Flashcards 2",2,SYBEX,"What is the difference between an <code>InputStream</code> and a <code>Reader</code>?","An <code>InputStream</code> is used for reading binary data using bytes, while a <code>Reader</code> is used for reading character or text data.","01JBH2ZAPC101G0JD7ABT2RD10",
"94d78230-6ece-46db-87af-27290abcc0e4",PROD,"0888617b-b3b4-4426-a4ad-02e12702642d","fc617624.JaSE11PrgIISG.f2.086",212,"fc617624.JaSE11PrgIISG.f2.086.xml",topic,"Flashcards 2",2,SYBEX,"Which method forces an output stream to empty any temporary or buffered data?","<code>flush()</code>","01JBH2ZAVNP0AN5VQVHP1K927A",
"94d78230-6ece-46db-87af-27290abcc0e4",PROD,"48896063-dd7d-45c0-8254-891767990b14","fc617624.JaSE11PrgIISG.f2.087",213,"fc617624.JaSE11PrgIISG.f2.087.xml",topic,"Flashcards 2",2,SYBEX,"What is the test for whether a class is considered serializable?","The class must implement <code>java.io.Serializable</code> and contain instance members that either are marked <code>transient</code> or are serializable.","01JBH2ZBPDV42TXDP65Z77929W",
"94d78230-6ece-46db-87af-27290abcc0e4",PROD,"25ddae70-1f67-43ae-bf2d-d75384fa927b","fc617624.JaSE11PrgIISG.f2.088",214,"fc617624.JaSE11PrgIISG.f2.088.xml",topic,"Flashcards 2",2,SYBEX,"Besides performance, what is one advantage of using <code>BufferedReader</code> and <code>BufferedWriter</code> when working with a character stream?","They add support for line breaks via <code>readLine()</code> and <code>newLine()</code>.","01JBH2ZBVFK8AR6NCAK82KC7JJ",
"94d78230-6ece-46db-87af-27290abcc0e4",PROD,"a353ab03-a099-46fd-aa15-0e68e0da8a88","fc617624.JaSE11PrgIISG.f2.089",215,"fc617624.JaSE11PrgIISG.f2.089.xml",topic,"Flashcards 2",2,SYBEX,"When calling <code>PrintWriter format()</code> method, what is the meaning of the symbols <code>%05.2f</code>?","It will display a floating&hyphen;point number as five digits, with leading <code>0</code>s, rounding to two digits after the decimal.","01JBH2ZC0VZADX6A2XGD2R7DKR",
"94d78230-6ece-46db-87af-27290abcc0e4",PROD,"d8d34fe2-ff59-4274-b05b-143e8c9b01dc","fc617624.JaSE11PrgIISG.f2.090",216,"fc617624.JaSE11PrgIISG.f2.090.xml",topic,"Flashcards 2",2,SYBEX,"True or false? A <code>java.io.Console</code> instance can be retrieved using <code>new Console()</code>.","False. The factory method <code>System.console()</code> should be used since the <code>Console</code> constructor is <code>private</code>.","01JBH2ZC5Z8WJ4WYMEQJ99TVKH",
"94d78230-6ece-46db-87af-27290abcc0e4",PROD,"ec825ff7-08c5-462e-a988-6de06add4f51","fc617624.JaSE11PrgIISG.f2.091",217,"fc617624.JaSE11PrgIISG.f2.091.xml",topic,"Flashcards 2",2,SYBEX,"When reading objects from <code>ObjectInputStream</code>, what is the proper way to detect the end of the stream?","Wait for an <code>EOFException</code> to be thrown.","01JBH2ZBNZ370CKSXCMN5MYPGW",
"94d78230-6ece-46db-87af-27290abcc0e4",PROD,"cce34606-c06f-4b38-9015-86b89924df30","fc617624.JaSE11PrgIISG.f2.092",218,"fc617624.JaSE11PrgIISG.f2.092.xml",topic,"Flashcards 2",2,SYBEX,"When deserializing an instance member that was marked <code>transient</code>, what will it be set to?","The default Java type will be used, such as <code>0</code> for int, <code>0.0</code> for <code>double</code>, or <code>null</code> for <code>String</code> or <code>Object</code>.","01JBH2ZBVV5363GDVKM3M00CSW",
"94d78230-6ece-46db-87af-27290abcc0e4",PROD,"9cc1d587-d816-4d48-8768-47140a356796","fc617624.JaSE11PrgIISG.f2.093",219,"fc617624.JaSE11PrgIISG.f2.093.xml",topic,"Flashcards 2",2,SYBEX,"Given a <code>Path</code> instance <code>p</code>, how do you read the third component of the path?","<code>p.getName(2)</code> or <code>p.subpath(2,3)</code>","01JBH2ZC14E7B0SSASPP6M62PX",
"94d78230-6ece-46db-87af-27290abcc0e4",PROD,"55d26693-1783-4bd9-abf6-8d9d66159dfc","fc617624.JaSE11PrgIISG.f2.094",220,"fc617624.JaSE11PrgIISG.f2.094.xml",topic,"Flashcards 2",2,SYBEX,"Which NIO.2 method tests if two <code>Path</code> objects represent the same object within the file system?","<code>Files.isSameFile()</code>","01JBH2ZC66NT91MW5CNTHTAJ66",
"94d78230-6ece-46db-87af-27290abcc0e4",PROD,"bae22854-c780-43b1-ad5a-88f5af1c1783","fc617624.JaSE11PrgIISG.f2.095",221,"fc617624.JaSE11PrgIISG.f2.095.xml",topic,"Flashcards 2",2,SYBEX,"Define a cycle within a file system.","A cycle is a circular dependency in which an entry in a directory tree points to one of its ancestor directories.","01JBH2ZCBJFBCHCMYV175T1X2M",
"94d78230-6ece-46db-87af-27290abcc0e4",PROD,"d41eeebb-93f3-4376-b8ff-1f08bbbda116","fc617624.JaSE11PrgIISG.f2.096",222,"fc617624.JaSE11PrgIISG.f2.096.xml",topic,"Flashcards 2",2,SYBEX,"What is advantage of using <code>Files.lines()</code> over <code>Files.readAllLines()</code>?","<code>Files.lines()</code> reads the results via lazy evaluation as a stream.","01JBH2ZCGNYVXNAQGBZ679284G",
"94d78230-6ece-46db-87af-27290abcc0e4",PROD,"10f1ad00-58ca-4ff0-bda9-68f67829632e","fc617624.JaSE11PrgIISG.f2.097",223,"fc617624.JaSE11PrgIISG.f2.097.xml",topic,"Flashcards 2",2,SYBEX,"Which option should you use when calling <code>Files.copy()</code> if you want to overwrite the target file if it already exists?","<code>StandardCopyOption.REPLACE_EXISTING</code>","01JBH2ZCPVZW8Y6VC1633Y84TA",
"94d78230-6ece-46db-87af-27290abcc0e4",PROD,"03f53885-6c43-47df-93f1-5c41dcdeb909","fc617624.JaSE11PrgIISG.f2.098",224,"fc617624.JaSE11PrgIISG.f2.098.xml",topic,"Flashcards 2",2,SYBEX,"What is the name of the method that creates <code>Path</code> objects in the <code>Paths</code> class?","<code>Paths.get()</code>","01JBH2ZCW5596406BVAR4385TD",
"94d78230-6ece-46db-87af-27290abcc0e4",PROD,"b85a9b45-d00a-4fdf-a016-454b86ab7ef5","fc617624.JaSE11PrgIISG.f2.099",225,"fc617624.JaSE11PrgIISG.f2.099.xml",topic,"Flashcards 2",2,SYBEX,"What does the <code>Path relativize()</code> method do?","It constructs a relative path from one <code>Path</code> to another. It will throw an exception if one is absolute and the other is relative.","01JBH2ZBPDFQEFKAB1CCH8EAH6",
"94d78230-6ece-46db-87af-27290abcc0e4",PROD,"deff84ae-2746-4efa-ac5c-80bf333d1a7d","fc617624.JaSE11PrgIISG.f2.100",226,"fc617624.JaSE11PrgIISG.f2.100.xml",topic,"Flashcards 2",2,SYBEX,"What is the result of calling <code>Paths.get(""/sing/../song.txt/./piano"").normalize()</code>?","<code>/song.txt/piano</code>","01JBH2ZBVN9EC3K325Y8VDYK1S",
"94d78230-6ece-46db-87af-27290abcc0e4",PROD,"8e631d4f-ae52-45da-961a-96747a684c96","fc617624.JaSE11PrgIISG.f2.101",227,"fc617624.JaSE11PrgIISG.f2.101.xml",topic,"Flashcards 2",2,SYBEX,"True or false? <code>Files.list()</code> reads a single directory.",TRUE,"01JBH2ZC0TJ36PFBE914Y9SA2M",
"94d78230-6ece-46db-87af-27290abcc0e4",PROD,"522e4def-ca5c-4e5c-a8ed-307a7347fc0e","fc617624.JaSE11PrgIISG.f2.102",228,"fc617624.JaSE11PrgIISG.f2.102.xml",topic,"Flashcards 2",2,SYBEX,"Given a <code>Path</code> instance <code>p</code>, how do you find out the directory that contains <code>p</code>?","<code>p.getParent()</code>","01JBH2ZC5Z9GVWHA8BET95HZWV",
"94d78230-6ece-46db-87af-27290abcc0e4",PROD,"c53d52f6-f0b1-4ad1-8901-ffca36519494","fc617624.JaSE11PrgIISG.f2.103",229,"fc617624.JaSE11PrgIISG.f2.103.xml",topic,"Flashcards 2",2,SYBEX,"True or false? The NIO.2 <code>Files</code> class includes a method, <code>newBufferedInputStream()</code> that reads the contents of a file into an I/O stream.","False. It does contain a <code>newBufferedReader()</code> method, though.","01JBH2ZABNH12G9V7JRXVR2793",
"94d78230-6ece-46db-87af-27290abcc0e4",PROD,"d2b10a45-947b-4302-939e-1454d35e9ce5","fc617624.JaSE11PrgIISG.f2.104",230,"fc617624.JaSE11PrgIISG.f2.104.xml",topic,"Flashcards 2",2,SYBEX,"What NIO.2 <code>Files</code> methods allow you to both read and write file attributes?","<code>Files.getFileAttributeView()</code>","01JBH2ZAHNSYZ2F7XX1HD1DCYV",
"94d78230-6ece-46db-87af-27290abcc0e4",PROD,"f81aece3-e320-4e62-be38-153fb141d464","fc617624.JaSE11PrgIISG.f2.105",231,"fc617624.JaSE11PrgIISG.f2.105.xml",topic,"Flashcards 2",2,SYBEX,"On a <code>ResultSet</code>, what method moves the cursor to the first row?","<code>rs.next()</code>","01JBH2ZAPMM4X3KJ3R0WN6VVED",
"94d78230-6ece-46db-87af-27290abcc0e4",PROD,"db2be1d8-222b-453e-8286-17e5fbba5bc9","fc617624.JaSE11PrgIISG.f2.106",232,"fc617624.JaSE11PrgIISG.f2.106.xml",topic,"Flashcards 2",2,SYBEX,"What are the main parts of a JDBC URL?","<code>jdbc</code>, vendor/product name, and database&hyphen;specific string","01JBH2ZAW0202WEE68P4SM7Z55",
"94d78230-6ece-46db-87af-27290abcc0e4",PROD,"585246b4-c492-4f76-aae2-ad25a9e42c44","fc617624.JaSE11PrgIISG.f2.107",233,"fc617624.JaSE11PrgIISG.f2.107.xml",topic,"Flashcards 2",2,SYBEX,"True or false? Calling <code>rs.getString(1)</code> before calling <code>rs.next()</code> throws a <code>SQLException</code> on a <code>ResultSet</code>.",TRUE,"01JBH2ZB1CYVKH46TB1BT3QM33",
"94d78230-6ece-46db-87af-27290abcc0e4",PROD,"d6699a1a-1149-4174-a6d1-4d629eb58ad5","fc617624.JaSE11PrgIISG.f2.108",234,"fc617624.JaSE11PrgIISG.f2.108.xml",topic,"Flashcards 2",2,SYBEX,"In what order should a <code>Connection</code>, <code>PreparedStatement</code>, and <code>ResultSet</code> be closed?","<code>ResultSet</code>, <code>PreparedStatement</code>, <code>Connection</code>","01JBH2ZB6FZ4FE19E3BT80DP61",
"94d78230-6ece-46db-87af-27290abcc0e4",PROD,"a66614a7-e2d0-4fa0-9d47-0e35f83ed838","fc617624.JaSE11PrgIISG.f2.109",235,"fc617624.JaSE11PrgIISG.f2.109.xml",topic,"Flashcards 2",2,SYBEX,"When closing a <code>ResultSet</code>, what other resources get closed?",None,"01JBH2ZBC3N9S8F0W5F2Q7HN6B",
"94d78230-6ece-46db-87af-27290abcc0e4",PROD,"a10b26f3-fdc8-49c3-ba9c-c9b0da87f19a","fc617624.JaSE11PrgIISG.f2.110",236,"fc617624.JaSE11PrgIISG.f2.110.xml",topic,"Flashcards 2",2,SYBEX,"What methods on <code>PreparedStatement</code> can run a <code>SELECT</code> SQL statement?","<code>executeQuery()</code> or <code>execute()</code>","01JBH2ZBH6K8CAFJC395BBWHND",
"94d78230-6ece-46db-87af-27290abcc0e4",PROD,"8c7c9258-4af2-4032-8c5f-762724ff9b8b","fc617624.JaSE11PrgIISG.f2.111",237,"fc617624.JaSE11PrgIISG.f2.111.xml",topic,"Flashcards 2",2,SYBEX,"When closing a <code>Connection</code>, what other resources get closed?","<code>ResultSet</code> and <code>Statement</code> (including <code>PreparedStatement</code> and <code>CallableStatement</code>), if they are associated with the connection","01JBH2ZCHE06Y6A5KF2D6B2NWP",
"94d78230-6ece-46db-87af-27290abcc0e4",PROD,"a3f9c2ac-75b8-4912-8939-751e288aa7c3","fc617624.JaSE11PrgIISG.f2.112",238,"fc617624.JaSE11PrgIISG.f2.112.xml",topic,"Flashcards 2",2,SYBEX,"What symbol is used to represent a bind variable in a <code>PreparedStatement</code>?","Question mark (<code>?</code>)","01JBH2ZCQ76T3W2W02TF02X857",
"94d78230-6ece-46db-87af-27290abcc0e4",PROD,"473de5db-23fc-4919-8943-fbc52e5748a5","fc617624.JaSE11PrgIISG.f2.113",239,"fc617624.JaSE11PrgIISG.f2.113.xml",topic,"Flashcards 2",2,SYBEX,"What does <code>executeQuery()</code> return?",<code>ResultSet</code>,"01JBH2ZCX62MRPG85NJ8CY3HA7",
"94d78230-6ece-46db-87af-27290abcc0e4",PROD,"f9446367-1208-4fd3-b37a-27188e673c7a","fc617624.JaSE11PrgIISG.f2.114",240,"fc617624.JaSE11PrgIISG.f2.114.xml",topic,"Flashcards 2",2,SYBEX,"What parameter type can fill in the blank for a <code>CallableStatement</code> for the following? <code>cs.setInt(_____, 1);</code>","<code>int</code> or <code>String</code>","01JBH2ZD33X0BXXYZJ6BHMMF17",
"94d78230-6ece-46db-87af-27290abcc0e4",PROD,"f1b70c4e-f540-4b12-824b-c4cff526c8f2","fc617624.JaSE11PrgIISG.f2.115",241,"fc617624.JaSE11PrgIISG.f2.115.xml",topic,"Flashcards 2",2,SYBEX,"What are three types of <code>CallableStatement</code> parameters?","<code>IN</code>, <code>OUT</code>, <code>INOUT</code>","01JBH2ZCG4NFXJ3S4DNHRBNC4F",
"94d78230-6ece-46db-87af-27290abcc0e4",PROD,"ccbab632-9cec-44cd-86bc-b22d7e486553","fc617624.JaSE11PrgIISG.f2.116",242,"fc617624.JaSE11PrgIISG.f2.116.xml",topic,"Flashcards 2",2,SYBEX,"What does <code>execute()</code> return?",<code>boolean</code>,"01JBH2ZCNEY64J2CNTB5ZGB9JR",
"94d78230-6ece-46db-87af-27290abcc0e4",PROD,"d52f759b-1f18-4626-9ddf-97b8c8db6c51","fc617624.JaSE11PrgIISG.f2.117",243,"fc617624.JaSE11PrgIISG.f2.117.xml",topic,"Flashcards 2",2,SYBEX,"True or false? All <code>HashMap</code> instances with 1,000 key/value pairs have the same performance.","False. It depends on whether the keys have many duplicate hashes.","01JBH2ZCV7J1SDKY6C9BFJNKQR",
"94d78230-6ece-46db-87af-27290abcc0e4",PROD,"dfb1980f-b900-4494-aa60-5e388954a363","fc617624.JaSE11PrgIISG.f2.118",244,"fc617624.JaSE11PrgIISG.f2.118.xml",topic,"Flashcards 2",2,SYBEX,"True or false? Making a class <code>final</code> makes all the methods <code>final</code>.",TRUE,"01JBH2ZD0KP0EG6H4ZKZANKS1D",
"94d78230-6ece-46db-87af-27290abcc0e4",PROD,"bea80d70-20aa-46fb-987b-b6071793f4d0","fc617624.JaSE11PrgIISG.f2.119",245,"fc617624.JaSE11PrgIISG.f2.119.xml",topic,"Flashcards 2",2,SYBEX,"What is the name of the technique for applying multiple preventative techniques to the same problem?","Defense in depth","01JBH2ZCBGH2HVFKKQVWDC11K7",
"94d78230-6ece-46db-87af-27290abcc0e4",PROD,"ad8e841d-523e-4875-a523-589645374387","fc617624.JaSE11PrgIISG.f2.120",246,"fc617624.JaSE11PrgIISG.f2.120.xml",topic,"Flashcards 2",2,SYBEX,"True or false? A security policy grants permissions.",TRUE,"01JBH2ZCGXGWBAYYQ9NBNZS1WV",
"94d78230-6ece-46db-87af-27290abcc0e4",PROD,"231dba33-37f2-450d-93d0-5b387d9ec8ea","fc617624.JaSE11PrgIISG.f2.121",247,"fc617624.JaSE11PrgIISG.f2.121.xml",topic,"Flashcards 2",2,SYBEX,"A list of characters that aren&rsquo;t allowed in a string is a ______________.",blacklist,"01JBH2ZCPVZNT3DNSPFWZ4T0QN",
"94d78230-6ece-46db-87af-27290abcc0e4",PROD,"9fc3c4b3-5a53-4af4-809a-bfb4cb1767ee","fc617624.JaSE11PrgIISG.f2.122",248,"fc617624.JaSE11PrgIISG.f2.122.xml",topic,"Flashcards 2",2,SYBEX,"True or false? All methods in Java can be cloned successfully.",FALSE,"01JBH2ZCW3WKJ6F4PECFM389HW",
"94d78230-6ece-46db-87af-27290abcc0e4",PROD,"30826d6a-6f9e-4c88-8f0e-f53a31e063f5","fc617624.JaSE11PrgIISG.f2.123",249,"fc617624.JaSE11PrgIISG.f2.123.xml",topic,"Flashcards 2",2,SYBEX,"True or false? Using a <code>PreparedStatement</code> prevents SQL injection.","False. Bind variables must be used for all user&hyphen;supplied data.","01JBH2ZCK3JM9VYF2M00MYYCP7",
"94d78230-6ece-46db-87af-27290abcc0e4",PROD,"b76f3fc7-bf28-440f-8ac9-398ce89854df","fc617624.JaSE11PrgIISG.f2.124",250,"fc617624.JaSE11PrgIISG.f2.124.xml",topic,"Flashcards 2",2,SYBEX,"Forgetting to close a file is a _____________________.","resource leak","01JBH2ZCREYCHSBC74XDMRJ397",
"94d78230-6ece-46db-87af-27290abcc0e4",PROD,"7d5cb180-4bda-4806-9110-68fe0b0138d7","fc617624.JaSE11PrgIISG.f2.125",251,"fc617624.JaSE11PrgIISG.f2.125.xml",topic,"Flashcards 2",2,SYBEX,"What method often contains a reference to <code>ObjectInputStream.GetField</code>?","<code>readObject()</code>","01JBH2ZCY6238JAHB324CDCQH6",
"94d78230-6ece-46db-87af-27290abcc0e4",PROD,"e9809a40-c688-48a8-8a9b-b08a994a1bf0","fc617624.JaSE11PrgIISG.f2.126",252,"fc617624.JaSE11PrgIISG.f2.126.xml",topic,"Flashcards 2",2,SYBEX,"Which two methods used in serialization and deserialization return an object instead of <code>void</code>?","<code>readResolve()</code> and <code>writeReplace()</code>","01JBH2ZD3GX0MHMM1P2M6R7TXA",
