projectId,env,qtiId,fileName,filePath,assetType,assetFormat,mimeType,respAssetsID,respPresignedUrl,respDefaultdUrl,status
"0f47ed8b-f65d-4675-8bf6-2f9f073eb6f1",PROD,QUE_76852,"media312567_FC_art11512735484.png","C:\Users\tasadulina\some_projects\MCS_Flashcards\9781119312567\media\media312567_FC_art11512735484.png",IMAGE,PNG,image/png,"d5d2b9e7-196f-48a8-8125-a4fc78ad75c1","https://epdc-prod-media.s3.amazonaws.com/source/images/d5d2b9e7-196f-48a8-8125-a4fc78ad75c1/3fab2488-e49f-463a-b285-2dbc55dc500e/original.png?AWSAccessKeyId=ASIAQHH25EVPDRPA4LNM&Signature=fEietMdZ67xqIt1BXLPWq8ZnsqA%3D&content-type=image%2Fpng&x-amz-tagging=assetId%3Dd5d2b9e7-196f-48a8-8125-a4fc78ad75c1%26versionId%3D3fab2488-e49f-463a-b285-2dbc55dc500e%26projectId%3D0f47ed8b-f65d-4675-8bf6-2f9f073eb6f1&x-amz-security-token=IQoJb3JpZ2luX2VjEBQaCXVzLWVhc3QtMSJGMEQCIFUt7tCGFCvmNavcjuXpomuedRCnuzLvfej6RYLwgZEDAiAufOpfdJWjfkIDOL501mNwj%2BeAZf4LUeQytquSS2eE%2BCqsAwiM%2F%2F%2F%2F%2F%2F%2F%2F%2F%2F8BEAIaDDAxNTU1ODU4MzY0NiIMMyq6jlqMgu%2B58PRtKoADrPQjYOoZ%2BOnGN6ukjAubh3QQjCDoIj6OnYrba0uxspOMXxaqy0DhLI96Ie1bqo7OJX5oX9G4kH8i%2FDcN2EWAR5xdFCj8Q0fv7BlXUQCJci%2FH%2FDwaFLYmy8dozMaiHDHDshfYa8pQ3wAyXp5FBp8wnffhfgNug3lGx5CgZf0jqx3pu1j0aA82Pa5iR8eFapAxolIaGJnBJzdaoa3Nguci71Uikz1BdkR0B7YAe68PBMnMfkhAeaDy3AWt3C5h5NmjzyTjnIAFr65nRdFDzGEtL2QgCG0Wg2MIBufWdeujmZapIvljALtqbuBh2NTAr4nPQGd3mxo0zBoffu1tE1%2FtAFbH797qrW7cnwAfQ%2BOp2UjCo5VFSmqU9S5itzXC87VOG9Y%2B8zImwh8hdZz5GNVIXmz8MtZzs5F1DvaB0W0VkXlX3W61mNaAgx7ORnMYoB%2BmvXbAgXJdFq07oGVbg%2BdGZ5wJpPnu%2FqV7HqM%2FJfNokHVtHs7rdrQcTAbYwWwldaCFMNLMjbkGOp4BRpeBsdpOeGbCG6J6QArWzZgNZU6zqAKq615wQOx04zvso3gMEIUY%2F%2BgE5xkp5ZmSc8RBjzEofPn59jz%2FOnBwNSKnP44nUlweb5frGTN2ay7fMJaYyoD%2BZw9POYaB2hPq6m99j2kI0cx8limAzahW2mUuvaOrb181miHY0U3v6Iy29C4MPM7IKWhXR2WKZ0V77lqbiNIxT%2Fklce2PYCc%3D&Expires=1730376807","https://epdc.wiley.com/images/d5d2b9e7-196f-48a8-8125-a4fc78ad75c1",200
"0f47ed8b-f65d-4675-8bf6-2f9f073eb6f1",PROD,QUE_76904,"media312567_FC_art21512975674.png","C:\Users\tasadulina\some_projects\MCS_Flashcards\9781119312567\media\media312567_FC_art21512975674.png",IMAGE,PNG,image/png,"c76b0a7d-bafa-41d5-a6c1-375df6e455fa","https://epdc-prod-media.s3.amazonaws.com/source/images/c76b0a7d-bafa-41d5-a6c1-375df6e455fa/f5b0c373-af3e-41b5-88f7-8e8aa6389d7d/original.png?AWSAccessKeyId=ASIAQHH25EVPIEPTZZFR&Signature=HnZpIRcTp0jBuvSI%2FsNBJVBVdjc%3D&content-type=image%2Fpng&x-amz-tagging=assetId%3Dc76b0a7d-bafa-41d5-a6c1-375df6e455fa%26versionId%3Df5b0c373-af3e-41b5-88f7-8e8aa6389d7d%26projectId%3D0f47ed8b-f65d-4675-8bf6-2f9f073eb6f1&x-amz-security-token=IQoJb3JpZ2luX2VjEBQaCXVzLWVhc3QtMSJHMEUCIQCljEIKzctz%2FvRjBePjc6CBAfwy7nqbQb9M%2Bhk8R1oPtAIgCAr%2BQ52YdqTtpXASBaOvXWrpf%2BmMfg3fFMO1%2FNItKaQqrAMIjP%2F%2F%2F%2F%2F%2F%2F%2F%2F%2FARACGgwwMTU1NTg1ODM2NDYiDHE6c7XkopzpdQMj5SqAA3UiIVD7fJ0F0y5B8CbvJLBgxD0LYrkDp9ni8ivqpWTvOC3XX7gdFlFaSjclt1v1oXrgc2qKNhTJC6UpZRSOGuaOzkjbZ32jWo0ETiohQ7LhZBGviELoVUaMI7Lc7EMw7QxG8%2BwHObFz6PndIhXeLgbkx3eCWjt3qBwRdAwECawZcuWB31tT%2B%2FMNS8yrHSjculCg5IQEMkv03%2BfvJJXo%2FoKPRQyhA7RyaLd%2Bbc7IuS7x21yBMG1V96nsbRK8T4%2Bukw5XxDcogN7eIzWBUbqfOrPX1Y5wWKsJt3yjBHOGKZsDsA8dcJrnisOZoibqhpxZUgQogk0drrzIPzBwDb9ni9VCSo1JUr99RUu9rTp7S6UVRb3ngB8c4fBoVY1BX5AyHApAdRdtVlwpYe1g7OQ%2Fi2WdFJ9O39HlVmXHCfnKLEsx5Hb29e3dhu6OOlU6ds2Kr5pvZCFIdbOmV9X5QV4SpcV6FG1RmTPNBbnuo8W0zBfMiiv56YuKhOBPfKCi7TaNVzDSzI25BjqdAc2pqmkn9%2BF5cOf4K%2FY8gkm1ioLNUSWLzmAhliookmkZTEUecV2VOWlkeVmuGTZuF77aXnhC3GUgKD6xhgIAt316UVYIGZ60dnnACBoKAc%2F2xz1H8m4vB2Aw%2BWGXAc4%2BkgUbeJdjQpplJHM%2FvF1iM1fy4CXVHp2gP2tNDy3ISPJZ3tD5aiC%2F04tIDslR4jgF6iMaovve8WxOLTDSJwQ%3D&Expires=1730376807","https://epdc.wiley.com/images/c76b0a7d-bafa-41d5-a6c1-375df6e455fa",200
"0f47ed8b-f65d-4675-8bf6-2f9f073eb6f1",PROD,QUE_76905,"media312567_FC_art31512975674.png","C:\Users\tasadulina\some_projects\MCS_Flashcards\9781119312567\media\media312567_FC_art31512975674.png",IMAGE,PNG,image/png,"4f176c33-cac3-4af0-8981-f137f0173d67","https://epdc-prod-media.s3.amazonaws.com/source/images/4f176c33-cac3-4af0-8981-f137f0173d67/e97ffbc9-b288-4213-b2f2-708c5fc474a1/original.png?AWSAccessKeyId=ASIAQHH25EVPDRPA4LNM&Signature=ruZISgqcdI4fRTnr4qMXhKE1B2I%3D&content-type=image%2Fpng&x-amz-tagging=assetId%3D4f176c33-cac3-4af0-8981-f137f0173d67%26versionId%3De97ffbc9-b288-4213-b2f2-708c5fc474a1%26projectId%3D0f47ed8b-f65d-4675-8bf6-2f9f073eb6f1&x-amz-security-token=IQoJb3JpZ2luX2VjEBQaCXVzLWVhc3QtMSJGMEQCIFUt7tCGFCvmNavcjuXpomuedRCnuzLvfej6RYLwgZEDAiAufOpfdJWjfkIDOL501mNwj%2BeAZf4LUeQytquSS2eE%2BCqsAwiM%2F%2F%2F%2F%2F%2F%2F%2F%2F%2F8BEAIaDDAxNTU1ODU4MzY0NiIMMyq6jlqMgu%2B58PRtKoADrPQjYOoZ%2BOnGN6ukjAubh3QQjCDoIj6OnYrba0uxspOMXxaqy0DhLI96Ie1bqo7OJX5oX9G4kH8i%2FDcN2EWAR5xdFCj8Q0fv7BlXUQCJci%2FH%2FDwaFLYmy8dozMaiHDHDshfYa8pQ3wAyXp5FBp8wnffhfgNug3lGx5CgZf0jqx3pu1j0aA82Pa5iR8eFapAxolIaGJnBJzdaoa3Nguci71Uikz1BdkR0B7YAe68PBMnMfkhAeaDy3AWt3C5h5NmjzyTjnIAFr65nRdFDzGEtL2QgCG0Wg2MIBufWdeujmZapIvljALtqbuBh2NTAr4nPQGd3mxo0zBoffu1tE1%2FtAFbH797qrW7cnwAfQ%2BOp2UjCo5VFSmqU9S5itzXC87VOG9Y%2B8zImwh8hdZz5GNVIXmz8MtZzs5F1DvaB0W0VkXlX3W61mNaAgx7ORnMYoB%2BmvXbAgXJdFq07oGVbg%2BdGZ5wJpPnu%2FqV7HqM%2FJfNokHVtHs7rdrQcTAbYwWwldaCFMNLMjbkGOp4BRpeBsdpOeGbCG6J6QArWzZgNZU6zqAKq615wQOx04zvso3gMEIUY%2F%2BgE5xkp5ZmSc8RBjzEofPn59jz%2FOnBwNSKnP44nUlweb5frGTN2ay7fMJaYyoD%2BZw9POYaB2hPq6m99j2kI0cx8limAzahW2mUuvaOrb181miHY0U3v6Iy29C4MPM7IKWhXR2WKZ0V77lqbiNIxT%2Fklce2PYCc%3D&Expires=1730376807","https://epdc.wiley.com/images/4f176c33-cac3-4af0-8981-f137f0173d67",200
"0f47ed8b-f65d-4675-8bf6-2f9f073eb6f1",PROD,QUE_76906,"media312567_FC_art41512975675.png","C:\Users\tasadulina\some_projects\MCS_Flashcards\9781119312567\media\media312567_FC_art41512975675.png",IMAGE,PNG,image/png,"98b8c063-34ce-4e17-8cd2-abe8e4664117","https://epdc-prod-media.s3.amazonaws.com/source/images/98b8c063-34ce-4e17-8cd2-abe8e4664117/476e6c4e-2bef-4869-96dd-a490b1e7640b/original.png?AWSAccessKeyId=ASIAQHH25EVPIEPTZZFR&Signature=OraphC00tYUoPEY1g6M0X4irzi4%3D&content-type=image%2Fpng&x-amz-tagging=assetId%3D98b8c063-34ce-4e17-8cd2-abe8e4664117%26versionId%3D476e6c4e-2bef-4869-96dd-a490b1e7640b%26projectId%3D0f47ed8b-f65d-4675-8bf6-2f9f073eb6f1&x-amz-security-token=IQoJb3JpZ2luX2VjEBQaCXVzLWVhc3QtMSJHMEUCIQCljEIKzctz%2FvRjBePjc6CBAfwy7nqbQb9M%2Bhk8R1oPtAIgCAr%2BQ52YdqTtpXASBaOvXWrpf%2BmMfg3fFMO1%2FNItKaQqrAMIjP%2F%2F%2F%2F%2F%2F%2F%2F%2F%2FARACGgwwMTU1NTg1ODM2NDYiDHE6c7XkopzpdQMj5SqAA3UiIVD7fJ0F0y5B8CbvJLBgxD0LYrkDp9ni8ivqpWTvOC3XX7gdFlFaSjclt1v1oXrgc2qKNhTJC6UpZRSOGuaOzkjbZ32jWo0ETiohQ7LhZBGviELoVUaMI7Lc7EMw7QxG8%2BwHObFz6PndIhXeLgbkx3eCWjt3qBwRdAwECawZcuWB31tT%2B%2FMNS8yrHSjculCg5IQEMkv03%2BfvJJXo%2FoKPRQyhA7RyaLd%2Bbc7IuS7x21yBMG1V96nsbRK8T4%2Bukw5XxDcogN7eIzWBUbqfOrPX1Y5wWKsJt3yjBHOGKZsDsA8dcJrnisOZoibqhpxZUgQogk0drrzIPzBwDb9ni9VCSo1JUr99RUu9rTp7S6UVRb3ngB8c4fBoVY1BX5AyHApAdRdtVlwpYe1g7OQ%2Fi2WdFJ9O39HlVmXHCfnKLEsx5Hb29e3dhu6OOlU6ds2Kr5pvZCFIdbOmV9X5QV4SpcV6FG1RmTPNBbnuo8W0zBfMiiv56YuKhOBPfKCi7TaNVzDSzI25BjqdAc2pqmkn9%2BF5cOf4K%2FY8gkm1ioLNUSWLzmAhliookmkZTEUecV2VOWlkeVmuGTZuF77aXnhC3GUgKD6xhgIAt316UVYIGZ60dnnACBoKAc%2F2xz1H8m4vB2Aw%2BWGXAc4%2BkgUbeJdjQpplJHM%2FvF1iM1fy4CXVHp2gP2tNDy3ISPJZ3tD5aiC%2F04tIDslR4jgF6iMaovve8WxOLTDSJwQ%3D&Expires=1730376806","https://epdc.wiley.com/images/98b8c063-34ce-4e17-8cd2-abe8e4664117",200
"0f47ed8b-f65d-4675-8bf6-2f9f073eb6f1",PROD,QUE_76907,"media312567_FC_art51512975675.png","C:\Users\tasadulina\some_projects\MCS_Flashcards\9781119312567\media\media312567_FC_art51512975675.png",IMAGE,PNG,image/png,"355e02b7-8c51-48ee-86ce-3972110ad2f9","https://epdc-prod-media.s3.amazonaws.com/source/images/355e02b7-8c51-48ee-86ce-3972110ad2f9/31d15f60-9640-4f01-a044-713fa42ac4bc/original.png?AWSAccessKeyId=ASIAQHH25EVPHV3KP252&Signature=bO4F%2BUimoHDMnEFUv%2FElY3UhyN0%3D&content-type=image%2Fpng&x-amz-tagging=assetId%3D355e02b7-8c51-48ee-86ce-3972110ad2f9%26versionId%3D31d15f60-9640-4f01-a044-713fa42ac4bc%26projectId%3D0f47ed8b-f65d-4675-8bf6-2f9f073eb6f1&x-amz-security-token=IQoJb3JpZ2luX2VjEBQaCXVzLWVhc3QtMSJHMEUCIQDeoshsRRf8Gfrt1LnRJezQx8F%2BwpvrLc08V43fEL1zVwIgNSYTxt775JAsLtvZbRoxp%2B%2BmaJ%2B7aT%2FE9PZMWFyQjGEqrAMIjP%2F%2F%2F%2F%2F%2F%2F%2F%2F%2FARACGgwwMTU1NTg1ODM2NDYiDLhnmaBJ1S3TK0BguSqAA4IPiRqUGqLGifxamARf4aWjTb7mG%2F995vsKTyD5X9NYP1xU6r9AzNcVq6%2B9%2Be0kBUrrIYWCr8ab6aClAX9arvf02kBWsE9jBGLucrISsiiYr9S7%2FjbcX0G1NGBbbtelzleLqz9XxkXwB2csW6wQs7UNtqwkvYjPpdMCK%2BmUK9jZmwb3a26%2FALf0ZTKfob8FpgHiUWVwEe%2FDSrBwGZOjfeSNAkXTHfPVCtHhzm%2F9SSsmSIqZBdBXJktvAH0sB%2Fnxl5kvC8jzoQkgrWmWKMmRHe88C4YDnqUomKOSrViAzhWfYCo6RhPW3G%2BNotEVgq8Yg9Hgj1g4FRe6NXU9TaDGoxBiF8dEsn%2Bd8UHpf6MRB5ZYNa2AFXdb6%2B5VIoyWnETsDPkgDsKK%2BLWv6xPOmykFhcSrJIUFWpwV3UAuozZ7eNjBD1YxxvTqidPQZzriZwS1AxcgeW5VQqczHzlo4I8oQS8lnfgLdjU16Bs5wFBuEBzqJvlrz0Edf4k1BXlryn1RBTDSzI25BjqdAUEEJGmJgFU20yCGFwZe85YUYb5142SpnHx5Z0Ss9XQcMvtEgDtnEXE1FlGigTcHmWtbUQ481%2BUmhd1VjxxbbznJ9q0K9UDY6kanfKcGnHYEZ88NRo%2BgVH545C4ibMYy28tiApK9vYExjyLc4w%2BU7LLYBtCy8xieeaZw%2BS5ffbOTFOs1jDK2%2Bppx%2BpTIz13Tw6Z6mR2PjE9G5UeuxsM%3D&Expires=1730376803","https://epdc.wiley.com/images/355e02b7-8c51-48ee-86ce-3972110ad2f9",200
"0f47ed8b-f65d-4675-8bf6-2f9f073eb6f1",PROD,QUE_76908,"media312567_FC_art61512975675.png","C:\Users\tasadulina\some_projects\MCS_Flashcards\9781119312567\media\media312567_FC_art61512975675.png",IMAGE,PNG,image/png,"2a42c4fd-9c93-4d22-948a-2eec86cb3d9b","https://epdc-prod-media.s3.amazonaws.com/source/images/2a42c4fd-9c93-4d22-948a-2eec86cb3d9b/00dc40b4-0496-4c75-a223-15164eede8f6/original.png?AWSAccessKeyId=ASIAQHH25EVPIEPTZZFR&Signature=CxFcktn%2BJRFTXMHsYEsNRLomr48%3D&content-type=image%2Fpng&x-amz-tagging=assetId%3D2a42c4fd-9c93-4d22-948a-2eec86cb3d9b%26versionId%3D00dc40b4-0496-4c75-a223-15164eede8f6%26projectId%3D0f47ed8b-f65d-4675-8bf6-2f9f073eb6f1&x-amz-security-token=IQoJb3JpZ2luX2VjEBQaCXVzLWVhc3QtMSJHMEUCIQCljEIKzctz%2FvRjBePjc6CBAfwy7nqbQb9M%2Bhk8R1oPtAIgCAr%2BQ52YdqTtpXASBaOvXWrpf%2BmMfg3fFMO1%2FNItKaQqrAMIjP%2F%2F%2F%2F%2F%2F%2F%2F%2F%2FARACGgwwMTU1NTg1ODM2NDYiDHE6c7XkopzpdQMj5SqAA3UiIVD7fJ0F0y5B8CbvJLBgxD0LYrkDp9ni8ivqpWTvOC3XX7gdFlFaSjclt1v1oXrgc2qKNhTJC6UpZRSOGuaOzkjbZ32jWo0ETiohQ7LhZBGviELoVUaMI7Lc7EMw7QxG8%2BwHObFz6PndIhXeLgbkx3eCWjt3qBwRdAwECawZcuWB31tT%2B%2FMNS8yrHSjculCg5IQEMkv03%2BfvJJXo%2FoKPRQyhA7RyaLd%2Bbc7IuS7x21yBMG1V96nsbRK8T4%2Bukw5XxDcogN7eIzWBUbqfOrPX1Y5wWKsJt3yjBHOGKZsDsA8dcJrnisOZoibqhpxZUgQogk0drrzIPzBwDb9ni9VCSo1JUr99RUu9rTp7S6UVRb3ngB8c4fBoVY1BX5AyHApAdRdtVlwpYe1g7OQ%2Fi2WdFJ9O39HlVmXHCfnKLEsx5Hb29e3dhu6OOlU6ds2Kr5pvZCFIdbOmV9X5QV4SpcV6FG1RmTPNBbnuo8W0zBfMiiv56YuKhOBPfKCi7TaNVzDSzI25BjqdAc2pqmkn9%2BF5cOf4K%2FY8gkm1ioLNUSWLzmAhliookmkZTEUecV2VOWlkeVmuGTZuF77aXnhC3GUgKD6xhgIAt316UVYIGZ60dnnACBoKAc%2F2xz1H8m4vB2Aw%2BWGXAc4%2BkgUbeJdjQpplJHM%2FvF1iM1fy4CXVHp2gP2tNDy3ISPJZ3tD5aiC%2F04tIDslR4jgF6iMaovve8WxOLTDSJwQ%3D&Expires=1730376807","https://epdc.wiley.com/images/2a42c4fd-9c93-4d22-948a-2eec86cb3d9b",200
"0f47ed8b-f65d-4675-8bf6-2f9f073eb6f1",PROD,QUE_76909,"media312567_FC_art71512975664.png","C:\Users\tasadulina\some_projects\MCS_Flashcards\9781119312567\media\media312567_FC_art71512975664.png",IMAGE,PNG,image/png,"b2fc678e-8b74-453f-bf8e-fe828737fc9f","https://epdc-prod-media.s3.amazonaws.com/source/images/b2fc678e-8b74-453f-bf8e-fe828737fc9f/b59204e5-c193-449d-a848-ee734a09a299/original.png?AWSAccessKeyId=ASIAQHH25EVPPOZBX2TG&Signature=TroqucNQt5VPkuvayLf4xRQZOmE%3D&content-type=image%2Fpng&x-amz-tagging=assetId%3Db2fc678e-8b74-453f-bf8e-fe828737fc9f%26versionId%3Db59204e5-c193-449d-a848-ee734a09a299%26projectId%3D0f47ed8b-f65d-4675-8bf6-2f9f073eb6f1&x-amz-security-token=IQoJb3JpZ2luX2VjEBQaCXVzLWVhc3QtMSJHMEUCIQC5RrVP4kHpvn1PAer1PKUmnb07SVYVeobaaRNTb1V%2BFwIgesB%2FCRcz8lKZrNVxfBhLXMKffTgmvvg1UTNEAlpq8boqrAMIjP%2F%2F%2F%2F%2F%2F%2F%2F%2F%2FARACGgwwMTU1NTg1ODM2NDYiDLx7XZliI56x%2F0FHxCqAA7yr0pnk8H1oxYMb%2Bo1cC%2B9eFwktX2IEEiaGfoy4OgmqY%2BXKtE9HTDSJanOxZ5C%2F6NEWkT2EZ2LeeqzlFzWZVDxss98ilrA9Zf5SUtYv%2B3W%2FsFeVRPpIIT5xl7IO3nsMMbTT%2BDHUr0%2BUEI8BDKT2ebrMg1vpWryUH0Kd1%2BzX30SBB2M39Rz0rIby943jD9%2BRiNwE5P7cak1EWorIdUYsh%2B3%2F8ZnkchQSc9V1ScecZby7KrOxvpQ1UyAWUuZQl%2BLN%2BG6FDEZY%2FG%2ByQB4vHN6eyQK6pLgZDCwHBLxoC8OR8xbv2ZC0Xiu2UoL9in6V2kh%2FlS9FgpXvgOwKTyo1oNvMB0YgnyY3ZzEDTkwHkq3INKQYEtFGBDT4ba%2F1vVo7hDuady7Gs9rboVZKCTlfL%2Fc2UoJYMPoYZA9q7K%2Fpb42znhAetfbRbMMvNFoP5ds8Snj7O4hvDmxVP%2Bum3YgLgikO5B0L%2BIaJpa1H5Pg%2BTmry4CgEalFHDVnbzyQsaxdPDiHWjzDSzI25BjqdATmN1iwqPgivTXYLCDyj2f%2Fat2P7sTaICRVhg23mhUUJzIk960JN0tAy2Kr1uQSCiVo6mreKW57DUwOZ%2BywQhEI0uuQKB9eLIXWRYJIW3YoglOvhlpyt%2BQCm8rv2LwLqIRzoI25HxkQOqDl%2BySXCi941EGye1dOKLNRzBDhXVo%2FMa3jBLHT2UvClAvPvwu%2BXWhCbrOOjx9%2FsqCy5pn0%3D&Expires=1730376807","https://epdc.wiley.com/images/b2fc678e-8b74-453f-bf8e-fe828737fc9f",200
"0f47ed8b-f65d-4675-8bf6-2f9f073eb6f1",PROD,QUE_76910,"media312567_FC_art81512975664.png","C:\Users\tasadulina\some_projects\MCS_Flashcards\9781119312567\media\media312567_FC_art81512975664.png",IMAGE,PNG,image/png,"880165d6-2583-4869-8b8e-af0302a2c226","https://epdc-prod-media.s3.amazonaws.com/source/images/880165d6-2583-4869-8b8e-af0302a2c226/7225ac09-d6ba-4849-af2f-8dac0811131d/original.png?AWSAccessKeyId=ASIAQHH25EVPEB5SFZE5&Signature=pKFAou9qBTLRmvhqRr9%2B3BPwHXU%3D&content-type=image%2Fpng&x-amz-tagging=assetId%3D880165d6-2583-4869-8b8e-af0302a2c226%26versionId%3D7225ac09-d6ba-4849-af2f-8dac0811131d%26projectId%3D0f47ed8b-f65d-4675-8bf6-2f9f073eb6f1&x-amz-security-token=IQoJb3JpZ2luX2VjEBQaCXVzLWVhc3QtMSJHMEUCIFn0343Fk4ovbbLRHuSYpfSubeDUUZT%2F%2BOE358l3bXgWAiEAlNUNRdzIoCzwp0P5bgOFVA%2BAHj80qQ8DYWb7Ykyu%2BDAqrAMIjP%2F%2F%2F%2F%2F%2F%2F%2F%2F%2FARACGgwwMTU1NTg1ODM2NDYiDPyX%2BKmZRdyePX2OICqAA7FBjsP7PQl17Tfq5SUER9cUAzeAd5ekIpiUjtXDrozZw%2B2MSYO50fBckIsD6jE38b0NRu2RbvVeQwrdD%2FTkNLJ0o5kiYrq%2BSqPaiEkkNp%2FOtpYniAiSppEO4LrdHWEDJr6zUFky0Py7%2B4MLmJOh8dQDQTNHZSA1o0%2F4gN8fudxrD1a2NRJ1Qye40XbqFjNMK4FnYM7NNFDldHVRCj3eYCSzD%2FzKIxk3%2BOFMN3H5p972Irw50EMTePNxqiMos5TjKGqtwML9Cc2lzkg6gxhexGrJ%2BStYX5UBrkrz0YTUgZ5PcJ7TI2342A9i4bBFrgIXP1CnDYj2TazV%2B7beGekXq6aPQ2158%2BiCDy6v4kF5UquUpRL4LTSsWZXWAenpnD1UYvNaVyCm1mjX5Ch9IphFUeh6XLr51aDazvVz%2FEtw%2BUsdxJW29SZkklkCUDV5yl3%2BSRW0L5q8bF0vPVHkuTLIbqnqrxIQJVsa48JcLOJZwDCqEo2E06uO1WDGJ7rfiGGVEjDSzI25BjqdAdXyjQrt0Xwartl6sFSKwgreZ5UFMyOLnorOGKVnyrbgeW1BCui9ZG17pOG8LRZEhoPdPl9BXN8MLeMhBZvgu8DafnKWXMasSsMCSxrRAqGkDuY0VmkvlC09R9UAQR%2FQvT5naJzThVTidYW6wDusm2Mf7717u5iHN3q7xcC2xf83D5Tbs%2FGPn%2FTIKNd4%2FuvqRCvYNFh9kKrscWt0a5M%3D&Expires=1730376803","https://epdc.wiley.com/images/880165d6-2583-4869-8b8e-af0302a2c226",200
"0f47ed8b-f65d-4675-8bf6-2f9f073eb6f1",PROD,QUE_76911,"media312567_FC_art91512975664.png","C:\Users\tasadulina\some_projects\MCS_Flashcards\9781119312567\media\media312567_FC_art91512975664.png",IMAGE,PNG,image/png,"e41e6b0c-cb96-4974-a96e-f18b5bb11edd","https://epdc-prod-media.s3.amazonaws.com/source/images/e41e6b0c-cb96-4974-a96e-f18b5bb11edd/095c57bb-2f3f-4a53-9a15-41fb9d32ee32/original.png?AWSAccessKeyId=ASIAQHH25EVPLHM5T6FX&Signature=ek4J43Jdb9UqQ6Yl2hrrYzeRNxI%3D&content-type=image%2Fpng&x-amz-tagging=assetId%3De41e6b0c-cb96-4974-a96e-f18b5bb11edd%26versionId%3D095c57bb-2f3f-4a53-9a15-41fb9d32ee32%26projectId%3D0f47ed8b-f65d-4675-8bf6-2f9f073eb6f1&x-amz-security-token=IQoJb3JpZ2luX2VjEBQaCXVzLWVhc3QtMSJGMEQCIHYHSuXMuAAd%2BSjL59y%2FZFJ3KdkNHvPD%2BXXECw0RgQQuAiA0Wb%2F2kXlFNzBFEy%2Fos4bmZ1aCUfPejPo7pc%2FPapakkSqsAwiM%2F%2F%2F%2F%2F%2F%2F%2F%2F%2F8BEAIaDDAxNTU1ODU4MzY0NiIM69iyPSfvZJ2sZb0mKoADqgfiNhKoftl4y9Yob%2B8auMbDovWorCuGeUT0ZmDHLxap1cx4Une0gIn%2B%2BvJh%2FcaqLfWy7yvK0OYRjSPz4Ceb58RhT6D1VqkO28VDat0itv9rNMXFSHrxfuHXSMFT8x2EC8GgkMD%2Fv6U4F1Pb%2BtbbqDFyiWVhg6F%2FmU1AjqdzeqaHSeQnTb1%2BUSWsmm1T%2BkSc60IMGDskh0tSjjCi9hxX%2BUu4%2BYvvGNO%2BtLoW64jmw1%2FuhTVKen210hYAo3JqHG42RWkzynmEcu4pm1J1hYo8f2OMxsTQB%2FUDC4GX6RR%2FsjNz9jtT31uGiWYnyMSzMCQv%2FKAGLm9DSi1X%2B9RyuAjvWvhLo5go6pJvfMhin3qsB5g5gMQvOEUx9nF0ywBw7KrfR3KZ6DRFRecUERnsPWUwtPgHuDxDHVulJks4CeFqQG5be5WD1NRO%2F36PMZwU%2BN208mBCfhw5Famjeg7TW8SgvTkjneZRUtoEHzuPl3hW6kne5cDQtScxdywUrU6iVo5qMNLMjbkGOp4BT58fNLqRcRgXU5iTKkvxoiYzm3AabqC5AsSwy0at3TxREjOk58gFLd8952v%2BMD%2B7SRYv9MgLANAOOi8kZHkJEs4cymS%2FwrqZW7nJq3iJMtiLA1kr0lQUq5EB5DTx0jZt966h11hhh13D5Ll%2Fa5bHHdEiDVA6FKimW54ZHIXKqgOb6z2d5JuHbi%2FZBxPRf8m2hSaLYJmUhTo%2BNVn4N%2F8%3D&Expires=1730376803","https://epdc.wiley.com/images/e41e6b0c-cb96-4974-a96e-f18b5bb11edd",200
"0f47ed8b-f65d-4675-8bf6-2f9f073eb6f1",PROD,QUE_76912,"media312567_FC_art101512975665.png","C:\Users\tasadulina\some_projects\MCS_Flashcards\9781119312567\media\media312567_FC_art101512975665.png",IMAGE,PNG,image/png,"21d65187-13de-4f51-97e9-f2504a38f9bf","https://epdc-prod-media.s3.amazonaws.com/source/images/21d65187-13de-4f51-97e9-f2504a38f9bf/b656e07c-2fbf-4744-a44e-7c6ed6b418f8/original.png?AWSAccessKeyId=ASIAQHH25EVPHJTRUO6E&Signature=8p2rySIPzhroEVcvmTEAEoDzL7U%3D&content-type=image%2Fpng&x-amz-tagging=assetId%3D21d65187-13de-4f51-97e9-f2504a38f9bf%26versionId%3Db656e07c-2fbf-4744-a44e-7c6ed6b418f8%26projectId%3D0f47ed8b-f65d-4675-8bf6-2f9f073eb6f1&x-amz-security-token=IQoJb3JpZ2luX2VjEBQaCXVzLWVhc3QtMSJGMEQCIH%2FMO03vdS%2BNeME3zQSappA4NyJWrdCxfWZ%2F2tQc3hL5AiB9pJ%2FAsOx0q32KJ6MD7EB%2B4oshupUk0IiiQnLLUtzhhSqsAwiM%2F%2F%2F%2F%2F%2F%2F%2F%2F%2F8BEAIaDDAxNTU1ODU4MzY0NiIM3Ak8dR9A0CtVagZdKoADGKvhrnGRM5YBU5gnR6%2FK3p0Ds1BhLVryf27u7TuAJaakhwoahlU2cF8fO7VPDIUhmhQbZW0rA7BiFLzmzoCiD6fjrUMLnKnOL6H0EA2RSCD6EgRUeAMmkfYlOisxdwkXyFl2fCkJ1sYikqh14EBjT6MF5re2uSUmQbwRYH5%2B400YvCEEBc65HMlPOMYviVdSf%2F9Ms6UnaPZVvBRpiGvp0DGP%2BKOCwSUii%2B2Nkt%2BHtv5ofi29LiRLH76CmS%2FxficIhHb3wdAgjNUBZg2V2i6WgdVYf7lC4CWPwZoLvCSHJAWktzEYGharPcamkj%2Faiv%2FyrrIQ0Jy7B3r7KspMk3xDSU7QdYSI8pKEoEpyAPDB33LkmwynY%2Bu3scFLlzjBEv3O7DGEAVPrm8yTlfMnw0seYkPtCceJi78XMP2p45CVMHM4q83yqGT6apLshhv9tUfdNPTjuC%2Fa0p%2Fip%2F5RYB8zB7%2FId6IkLLxcWxmzY6ye3V8alvOSiHB0BAfdr1Rt1YJ7MNLMjbkGOp4BNzbSYx5yC72cTvf4QKsQ1oI6ZPdJxffrDEaC%2Fm%2BqWaBBRtdZSZAvfsMnB39aIk2x%2B%2BmdLUFm20OiIZl%2BgzuOVHRdeV3rB6omfw0%2FBz9jY6GjF7k4kcDIfx290j5PrmjAJf0EisFbMseCXyia41pZct5fjBZW85NKxtbSt%2F6Wevhfr9Iz6x5h6PF2KRysqRJdfmqI0vTg82zIC84z9zQ%3D&Expires=1730376803","https://epdc.wiley.com/images/21d65187-13de-4f51-97e9-f2504a38f9bf",200
"0f47ed8b-f65d-4675-8bf6-2f9f073eb6f1",PROD,QUE_76913,"media312567_FC_art111512975329.png","C:\Users\tasadulina\some_projects\MCS_Flashcards\9781119312567\media\media312567_FC_art111512975329.png",IMAGE,PNG,image/png,"ae20484a-559a-42c7-9716-0a48b9feea9f","https://epdc-prod-media.s3.amazonaws.com/source/images/ae20484a-559a-42c7-9716-0a48b9feea9f/42ec8f9d-829f-4dda-9bff-ed36c1c40274/original.png?AWSAccessKeyId=ASIAQHH25EVPPOZBX2TG&Signature=ye6iztyZvYu%2BjII8TxuI5sUTU5A%3D&content-type=image%2Fpng&x-amz-tagging=assetId%3Dae20484a-559a-42c7-9716-0a48b9feea9f%26versionId%3D42ec8f9d-829f-4dda-9bff-ed36c1c40274%26projectId%3D0f47ed8b-f65d-4675-8bf6-2f9f073eb6f1&x-amz-security-token=IQoJb3JpZ2luX2VjEBQaCXVzLWVhc3QtMSJHMEUCIQC5RrVP4kHpvn1PAer1PKUmnb07SVYVeobaaRNTb1V%2BFwIgesB%2FCRcz8lKZrNVxfBhLXMKffTgmvvg1UTNEAlpq8boqrAMIjP%2F%2F%2F%2F%2F%2F%2F%2F%2F%2FARACGgwwMTU1NTg1ODM2NDYiDLx7XZliI56x%2F0FHxCqAA7yr0pnk8H1oxYMb%2Bo1cC%2B9eFwktX2IEEiaGfoy4OgmqY%2BXKtE9HTDSJanOxZ5C%2F6NEWkT2EZ2LeeqzlFzWZVDxss98ilrA9Zf5SUtYv%2B3W%2FsFeVRPpIIT5xl7IO3nsMMbTT%2BDHUr0%2BUEI8BDKT2ebrMg1vpWryUH0Kd1%2BzX30SBB2M39Rz0rIby943jD9%2BRiNwE5P7cak1EWorIdUYsh%2B3%2F8ZnkchQSc9V1ScecZby7KrOxvpQ1UyAWUuZQl%2BLN%2BG6FDEZY%2FG%2ByQB4vHN6eyQK6pLgZDCwHBLxoC8OR8xbv2ZC0Xiu2UoL9in6V2kh%2FlS9FgpXvgOwKTyo1oNvMB0YgnyY3ZzEDTkwHkq3INKQYEtFGBDT4ba%2F1vVo7hDuady7Gs9rboVZKCTlfL%2Fc2UoJYMPoYZA9q7K%2Fpb42znhAetfbRbMMvNFoP5ds8Snj7O4hvDmxVP%2Bum3YgLgikO5B0L%2BIaJpa1H5Pg%2BTmry4CgEalFHDVnbzyQsaxdPDiHWjzDSzI25BjqdATmN1iwqPgivTXYLCDyj2f%2Fat2P7sTaICRVhg23mhUUJzIk960JN0tAy2Kr1uQSCiVo6mreKW57DUwOZ%2BywQhEI0uuQKB9eLIXWRYJIW3YoglOvhlpyt%2BQCm8rv2LwLqIRzoI25HxkQOqDl%2BySXCi941EGye1dOKLNRzBDhXVo%2FMa3jBLHT2UvClAvPvwu%2BXWhCbrOOjx9%2FsqCy5pn0%3D&Expires=1730376806","https://epdc.wiley.com/images/ae20484a-559a-42c7-9716-0a48b9feea9f",200
"0f47ed8b-f65d-4675-8bf6-2f9f073eb6f1",PROD,QUE_76914,"media312567_FC_art121512975666.png","C:\Users\tasadulina\some_projects\MCS_Flashcards\9781119312567\media\media312567_FC_art121512975666.png",IMAGE,PNG,image/png,"754433da-367a-459f-b63d-216467b141c3","https://epdc-prod-media.s3.amazonaws.com/source/images/754433da-367a-459f-b63d-216467b141c3/283aa4b0-01ac-49c4-9855-7bd0064a5c1f/original.png?AWSAccessKeyId=ASIAQHH25EVPIEPTZZFR&Signature=Lz0j3QzsWxEtqjRE3LuCACxOP%2Fs%3D&content-type=image%2Fpng&x-amz-tagging=assetId%3D754433da-367a-459f-b63d-216467b141c3%26versionId%3D283aa4b0-01ac-49c4-9855-7bd0064a5c1f%26projectId%3D0f47ed8b-f65d-4675-8bf6-2f9f073eb6f1&x-amz-security-token=IQoJb3JpZ2luX2VjEBQaCXVzLWVhc3QtMSJHMEUCIQCljEIKzctz%2FvRjBePjc6CBAfwy7nqbQb9M%2Bhk8R1oPtAIgCAr%2BQ52YdqTtpXASBaOvXWrpf%2BmMfg3fFMO1%2FNItKaQqrAMIjP%2F%2F%2F%2F%2F%2F%2F%2F%2F%2FARACGgwwMTU1NTg1ODM2NDYiDHE6c7XkopzpdQMj5SqAA3UiIVD7fJ0F0y5B8CbvJLBgxD0LYrkDp9ni8ivqpWTvOC3XX7gdFlFaSjclt1v1oXrgc2qKNhTJC6UpZRSOGuaOzkjbZ32jWo0ETiohQ7LhZBGviELoVUaMI7Lc7EMw7QxG8%2BwHObFz6PndIhXeLgbkx3eCWjt3qBwRdAwECawZcuWB31tT%2B%2FMNS8yrHSjculCg5IQEMkv03%2BfvJJXo%2FoKPRQyhA7RyaLd%2Bbc7IuS7x21yBMG1V96nsbRK8T4%2Bukw5XxDcogN7eIzWBUbqfOrPX1Y5wWKsJt3yjBHOGKZsDsA8dcJrnisOZoibqhpxZUgQogk0drrzIPzBwDb9ni9VCSo1JUr99RUu9rTp7S6UVRb3ngB8c4fBoVY1BX5AyHApAdRdtVlwpYe1g7OQ%2Fi2WdFJ9O39HlVmXHCfnKLEsx5Hb29e3dhu6OOlU6ds2Kr5pvZCFIdbOmV9X5QV4SpcV6FG1RmTPNBbnuo8W0zBfMiiv56YuKhOBPfKCi7TaNVzDSzI25BjqdAc2pqmkn9%2BF5cOf4K%2FY8gkm1ioLNUSWLzmAhliookmkZTEUecV2VOWlkeVmuGTZuF77aXnhC3GUgKD6xhgIAt316UVYIGZ60dnnACBoKAc%2F2xz1H8m4vB2Aw%2BWGXAc4%2BkgUbeJdjQpplJHM%2FvF1iM1fy4CXVHp2gP2tNDy3ISPJZ3tD5aiC%2F04tIDslR4jgF6iMaovve8WxOLTDSJwQ%3D&Expires=1730376806","https://epdc.wiley.com/images/754433da-367a-459f-b63d-216467b141c3",200
"0f47ed8b-f65d-4675-8bf6-2f9f073eb6f1",PROD,QUE_76915,"media312567_FC_art131512975666.png","C:\Users\tasadulina\some_projects\MCS_Flashcards\9781119312567\media\media312567_FC_art131512975666.png",IMAGE,PNG,image/png,"98893566-22e1-408e-8cd8-3ddd6342bbe8","https://epdc-prod-media.s3.amazonaws.com/source/images/98893566-22e1-408e-8cd8-3ddd6342bbe8/0e32cb6d-fae7-47ac-bd08-07e41992fca9/original.png?AWSAccessKeyId=ASIAQHH25EVPPOZBX2TG&Signature=8ciAexGGFT%2Bn1RJqCvMzHuGLMXQ%3D&content-type=image%2Fpng&x-amz-tagging=assetId%3D98893566-22e1-408e-8cd8-3ddd6342bbe8%26versionId%3D0e32cb6d-fae7-47ac-bd08-07e41992fca9%26projectId%3D0f47ed8b-f65d-4675-8bf6-2f9f073eb6f1&x-amz-security-token=IQoJb3JpZ2luX2VjEBQaCXVzLWVhc3QtMSJHMEUCIQC5RrVP4kHpvn1PAer1PKUmnb07SVYVeobaaRNTb1V%2BFwIgesB%2FCRcz8lKZrNVxfBhLXMKffTgmvvg1UTNEAlpq8boqrAMIjP%2F%2F%2F%2F%2F%2F%2F%2F%2F%2FARACGgwwMTU1NTg1ODM2NDYiDLx7XZliI56x%2F0FHxCqAA7yr0pnk8H1oxYMb%2Bo1cC%2B9eFwktX2IEEiaGfoy4OgmqY%2BXKtE9HTDSJanOxZ5C%2F6NEWkT2EZ2LeeqzlFzWZVDxss98ilrA9Zf5SUtYv%2B3W%2FsFeVRPpIIT5xl7IO3nsMMbTT%2BDHUr0%2BUEI8BDKT2ebrMg1vpWryUH0Kd1%2BzX30SBB2M39Rz0rIby943jD9%2BRiNwE5P7cak1EWorIdUYsh%2B3%2F8ZnkchQSc9V1ScecZby7KrOxvpQ1UyAWUuZQl%2BLN%2BG6FDEZY%2FG%2ByQB4vHN6eyQK6pLgZDCwHBLxoC8OR8xbv2ZC0Xiu2UoL9in6V2kh%2FlS9FgpXvgOwKTyo1oNvMB0YgnyY3ZzEDTkwHkq3INKQYEtFGBDT4ba%2F1vVo7hDuady7Gs9rboVZKCTlfL%2Fc2UoJYMPoYZA9q7K%2Fpb42znhAetfbRbMMvNFoP5ds8Snj7O4hvDmxVP%2Bum3YgLgikO5B0L%2BIaJpa1H5Pg%2BTmry4CgEalFHDVnbzyQsaxdPDiHWjzDSzI25BjqdATmN1iwqPgivTXYLCDyj2f%2Fat2P7sTaICRVhg23mhUUJzIk960JN0tAy2Kr1uQSCiVo6mreKW57DUwOZ%2BywQhEI0uuQKB9eLIXWRYJIW3YoglOvhlpyt%2BQCm8rv2LwLqIRzoI25HxkQOqDl%2BySXCi941EGye1dOKLNRzBDhXVo%2FMa3jBLHT2UvClAvPvwu%2BXWhCbrOOjx9%2FsqCy5pn0%3D&Expires=1730376806","https://epdc.wiley.com/images/98893566-22e1-408e-8cd8-3ddd6342bbe8",200
"0f47ed8b-f65d-4675-8bf6-2f9f073eb6f1",PROD,QUE_76916,"media312567_FC_art141512975330.png","C:\Users\tasadulina\some_projects\MCS_Flashcards\9781119312567\media\media312567_FC_art141512975330.png",IMAGE,PNG,image/png,"82635c3a-d567-47c9-88ec-a2ae04070e13","https://epdc-prod-media.s3.amazonaws.com/source/images/82635c3a-d567-47c9-88ec-a2ae04070e13/9ccdf49f-71c7-48f7-9bd7-d67c884c88a3/original.png?AWSAccessKeyId=ASIAQHH25EVPIH2LKXXE&Signature=HVelXhrxr5Gnn5ZVHvFLy745sI0%3D&content-type=image%2Fpng&x-amz-tagging=assetId%3D82635c3a-d567-47c9-88ec-a2ae04070e13%26versionId%3D9ccdf49f-71c7-48f7-9bd7-d67c884c88a3%26projectId%3D0f47ed8b-f65d-4675-8bf6-2f9f073eb6f1&x-amz-security-token=IQoJb3JpZ2luX2VjEBQaCXVzLWVhc3QtMSJGMEQCICjh%2Fk0tBu6XGV91SXNaygkvpt35aBFO2iOmE9lTs3tdAiBOxHnaK6IO2WrFVI%2FlkERiAZhxf67B0KTpd678M3GqciqsAwiM%2F%2F%2F%2F%2F%2F%2F%2F%2F%2F8BEAIaDDAxNTU1ODU4MzY0NiIMEU%2B4lb6wtuIT%2B5waKoADfyRIn7SMOlck6X8rQVlT9ZqlISmFAVnvVw%2FVIO8u6W32T2fDuLS0MO%2FEvrf%2Bal%2FHLXBNc7OAs%2FJ7cqXKGpv6nvjZgsgNRAfBciXOYb6XtlTo8sr6S%2FZc9vfta%2BasA4ysTG1hgfZq%2BnvniAB3Oz6Sy%2BRY61ZD%2BoQIjvnn33IZ2i2uRXVQk8FM58K%2BpFKRDAHkAXJ%2FK2QXoTdvztlx72g6Dh%2ByYVWvHI1KoZNXiMPIl2p3OamTWB7ItOJuY4Fvpx694Xpweo6lyXqEE09g5CslXRezzrlRLpt73ZcHtnG8OWrE8CnJMJaTg7DkOYA%2FCzrsKCpA%2BMz1pbqtV2Ul%2BnFiMb14jT%2FjeLTaJTlAhYEHI3ZTIBTEpKeCVmJBr3NkxKB8vlxJfGtSIjgmeVsWsISL9AZphUFLdp6P1mT%2BTGaEiWg1LWqsX6rz%2F7KdCIJIWdW%2BBuqL%2BFYQ0rpHZp%2FR2kx1JUnw%2BOko8yNrDxNNZohOM1wBnJczsRrhuWy8VswB05ZeMNLMjbkGOp4BN9pM41ZR60WQfVYQQWXPQu2CXJxkFP%2BrwC8Pd7hnAEidihilw7Mj3RDrXyvDLAX2%2BWzqyyG0uF0sWC3cWgMh9OTJQ%2BkQUHfvUzuZVktDVzowckhrMMiFXCzXW8O1W2slTLVMvMtaKEmpC%2F2%2FPERh9a6RB2fMwn9QtPDYMbxLYzKXaj2z0E%2BVU6KhinTGzvGPfkh70xlchq1lrDl4MVw%3D&Expires=1730376803","https://epdc.wiley.com/images/82635c3a-d567-47c9-88ec-a2ae04070e13",200
"0f47ed8b-f65d-4675-8bf6-2f9f073eb6f1",PROD,QUE_76917,"media312567_FC_art151512975667.png","C:\Users\tasadulina\some_projects\MCS_Flashcards\9781119312567\media\media312567_FC_art151512975667.png",IMAGE,PNG,image/png,"bc6913cf-f6ff-4d92-af0e-2310a8d20d0e","https://epdc-prod-media.s3.amazonaws.com/source/images/bc6913cf-f6ff-4d92-af0e-2310a8d20d0e/b6c66ad8-ed98-412f-bc74-0241fb4e07f9/original.png?AWSAccessKeyId=ASIAQHH25EVPIEPTZZFR&Signature=jA9MrZ8IX1o%2BiYsXivaxmYxIX%2F0%3D&content-type=image%2Fpng&x-amz-tagging=assetId%3Dbc6913cf-f6ff-4d92-af0e-2310a8d20d0e%26versionId%3Db6c66ad8-ed98-412f-bc74-0241fb4e07f9%26projectId%3D0f47ed8b-f65d-4675-8bf6-2f9f073eb6f1&x-amz-security-token=IQoJb3JpZ2luX2VjEBQaCXVzLWVhc3QtMSJHMEUCIQCljEIKzctz%2FvRjBePjc6CBAfwy7nqbQb9M%2Bhk8R1oPtAIgCAr%2BQ52YdqTtpXASBaOvXWrpf%2BmMfg3fFMO1%2FNItKaQqrAMIjP%2F%2F%2F%2F%2F%2F%2F%2F%2F%2FARACGgwwMTU1NTg1ODM2NDYiDHE6c7XkopzpdQMj5SqAA3UiIVD7fJ0F0y5B8CbvJLBgxD0LYrkDp9ni8ivqpWTvOC3XX7gdFlFaSjclt1v1oXrgc2qKNhTJC6UpZRSOGuaOzkjbZ32jWo0ETiohQ7LhZBGviELoVUaMI7Lc7EMw7QxG8%2BwHObFz6PndIhXeLgbkx3eCWjt3qBwRdAwECawZcuWB31tT%2B%2FMNS8yrHSjculCg5IQEMkv03%2BfvJJXo%2FoKPRQyhA7RyaLd%2Bbc7IuS7x21yBMG1V96nsbRK8T4%2Bukw5XxDcogN7eIzWBUbqfOrPX1Y5wWKsJt3yjBHOGKZsDsA8dcJrnisOZoibqhpxZUgQogk0drrzIPzBwDb9ni9VCSo1JUr99RUu9rTp7S6UVRb3ngB8c4fBoVY1BX5AyHApAdRdtVlwpYe1g7OQ%2Fi2WdFJ9O39HlVmXHCfnKLEsx5Hb29e3dhu6OOlU6ds2Kr5pvZCFIdbOmV9X5QV4SpcV6FG1RmTPNBbnuo8W0zBfMiiv56YuKhOBPfKCi7TaNVzDSzI25BjqdAc2pqmkn9%2BF5cOf4K%2FY8gkm1ioLNUSWLzmAhliookmkZTEUecV2VOWlkeVmuGTZuF77aXnhC3GUgKD6xhgIAt316UVYIGZ60dnnACBoKAc%2F2xz1H8m4vB2Aw%2BWGXAc4%2BkgUbeJdjQpplJHM%2FvF1iM1fy4CXVHp2gP2tNDy3ISPJZ3tD5aiC%2F04tIDslR4jgF6iMaovve8WxOLTDSJwQ%3D&Expires=1730376806","https://epdc.wiley.com/images/bc6913cf-f6ff-4d92-af0e-2310a8d20d0e",200
"0f47ed8b-f65d-4675-8bf6-2f9f073eb6f1",PROD,QUE_76918,"media312567_FC_art161512975667.png","C:\Users\tasadulina\some_projects\MCS_Flashcards\9781119312567\media\media312567_FC_art161512975667.png",IMAGE,PNG,image/png,"8294f93e-0def-4ff0-9e49-d42f63e7542c","https://epdc-prod-media.s3.amazonaws.com/source/images/8294f93e-0def-4ff0-9e49-d42f63e7542c/2adb4637-2777-412f-b42b-9f218d085332/original.png?AWSAccessKeyId=ASIAQHH25EVPOG72O4PH&Signature=X7kdG7Cysr6m5sn%2Bw%2BakPcyCY%2F0%3D&content-type=image%2Fpng&x-amz-tagging=assetId%3D8294f93e-0def-4ff0-9e49-d42f63e7542c%26versionId%3D2adb4637-2777-412f-b42b-9f218d085332%26projectId%3D0f47ed8b-f65d-4675-8bf6-2f9f073eb6f1&x-amz-security-token=IQoJb3JpZ2luX2VjEBQaCXVzLWVhc3QtMSJHMEUCIQCCZojKF5BFqOaVa%2FvemnRwHjkVVTrBjL%2BimXdmgjei1wIgIwUZzisyPC5tI6NFI09ifIyuL2GPa6yMTftz%2FNqjrrgqrAMIjP%2F%2F%2F%2F%2F%2F%2F%2F%2F%2FARACGgwwMTU1NTg1ODM2NDYiDHpRRBPyrpwbBY%2BdgyqAA7OQJ0xfRf1tdRa5TLhV3Z%2BwxjfyQbODOqTwxtAzFTTN4PG90KygiVKa%2BpsLjqHRG6pHP%2BAtLEU2in43sVm0J%2BJXbLxfUl%2BL%2FixSOQgTLHJCYXejjVZzzgBnxjm3%2B15T9ecAbPfV3ED25amPl%2BCXiPhtwdKCO2DwZkYgTY3pJG%2FHeXdYXfTavXSWzwIQhodAmKLFIMDEURJqq9zwT3EL3dtyPwbdS9ZAabvNDJLe4dDp6lLwLIgeTk2ATuUfwtMJdaRo75WWFEBkMwKYxqPFeFpTYvj%2BM0ynQFDDZcZpMWUJRWOegAoLNdLs75WPpiqPTXt742DqKKCGPYNKnXj5tDUroV5m6yaXeCxLtx1R8KjqUDGbpTAMVmJ4gggDqWF5pph6JAJYNcR47g5dcJnsKE9pMG8MF%2FAUqdaNf5B8wLGGrOizQhKSJjFkF8KDZnAlin2bbeRead%2FYuUUmdtdzK7e5OiBS3e9HXJeKOoU2sRUKnx%2BAeg5Q2FiPtVWPDppi1jDSzI25BjqdAXvSyveGjNrDeec0ewJT46ol8KgIpY0tCqf9tTybdyS53nPBb%2B%2BLQZyAshkoOdHXl8l86q1YnT0qQUmKK5UGrlLp8DBp3a%2BVhAhUZFGoz9CKqSjwB%2FiPRAIvUE4vDh0rryUdwnQQlm1HnD%2Bqq%2Bh0T6hbWvSVzDG4fUwbulQiHTmnbUcE4aYv6nLHdbWq208UGEvwzKSF9S8dr4z97w0%3D&Expires=1730376803","https://epdc.wiley.com/images/8294f93e-0def-4ff0-9e49-d42f63e7542c",200
"0f47ed8b-f65d-4675-8bf6-2f9f073eb6f1",PROD,QUE_76919,"media312567_FC_art171512975667.png","C:\Users\tasadulina\some_projects\MCS_Flashcards\9781119312567\media\media312567_FC_art171512975667.png",IMAGE,PNG,image/png,"3bd79215-6a2f-4766-b775-c1044edfe738","https://epdc-prod-media.s3.amazonaws.com/source/images/3bd79215-6a2f-4766-b775-c1044edfe738/ad86f90a-e2d8-4490-b738-eebb9c657521/original.png?AWSAccessKeyId=ASIAQHH25EVPIEPTZZFR&Signature=qMv5w%2FyaNJ8uFJZW8tEm63k9%2Fh0%3D&content-type=image%2Fpng&x-amz-tagging=assetId%3D3bd79215-6a2f-4766-b775-c1044edfe738%26versionId%3Dad86f90a-e2d8-4490-b738-eebb9c657521%26projectId%3D0f47ed8b-f65d-4675-8bf6-2f9f073eb6f1&x-amz-security-token=IQoJb3JpZ2luX2VjEBQaCXVzLWVhc3QtMSJHMEUCIQCljEIKzctz%2FvRjBePjc6CBAfwy7nqbQb9M%2Bhk8R1oPtAIgCAr%2BQ52YdqTtpXASBaOvXWrpf%2BmMfg3fFMO1%2FNItKaQqrAMIjP%2F%2F%2F%2F%2F%2F%2F%2F%2F%2FARACGgwwMTU1NTg1ODM2NDYiDHE6c7XkopzpdQMj5SqAA3UiIVD7fJ0F0y5B8CbvJLBgxD0LYrkDp9ni8ivqpWTvOC3XX7gdFlFaSjclt1v1oXrgc2qKNhTJC6UpZRSOGuaOzkjbZ32jWo0ETiohQ7LhZBGviELoVUaMI7Lc7EMw7QxG8%2BwHObFz6PndIhXeLgbkx3eCWjt3qBwRdAwECawZcuWB31tT%2B%2FMNS8yrHSjculCg5IQEMkv03%2BfvJJXo%2FoKPRQyhA7RyaLd%2Bbc7IuS7x21yBMG1V96nsbRK8T4%2Bukw5XxDcogN7eIzWBUbqfOrPX1Y5wWKsJt3yjBHOGKZsDsA8dcJrnisOZoibqhpxZUgQogk0drrzIPzBwDb9ni9VCSo1JUr99RUu9rTp7S6UVRb3ngB8c4fBoVY1BX5AyHApAdRdtVlwpYe1g7OQ%2Fi2WdFJ9O39HlVmXHCfnKLEsx5Hb29e3dhu6OOlU6ds2Kr5pvZCFIdbOmV9X5QV4SpcV6FG1RmTPNBbnuo8W0zBfMiiv56YuKhOBPfKCi7TaNVzDSzI25BjqdAc2pqmkn9%2BF5cOf4K%2FY8gkm1ioLNUSWLzmAhliookmkZTEUecV2VOWlkeVmuGTZuF77aXnhC3GUgKD6xhgIAt316UVYIGZ60dnnACBoKAc%2F2xz1H8m4vB2Aw%2BWGXAc4%2BkgUbeJdjQpplJHM%2FvF1iM1fy4CXVHp2gP2tNDy3ISPJZ3tD5aiC%2F04tIDslR4jgF6iMaovve8WxOLTDSJwQ%3D&Expires=1730376803","https://epdc.wiley.com/images/3bd79215-6a2f-4766-b775-c1044edfe738",200
"0f47ed8b-f65d-4675-8bf6-2f9f073eb6f1",PROD,QUE_76920,"media312567_FC_art181512975668.png","C:\Users\tasadulina\some_projects\MCS_Flashcards\9781119312567\media\media312567_FC_art181512975668.png",IMAGE,PNG,image/png,"22415438-5218-42e7-911a-2c667e253d87","https://epdc-prod-media.s3.amazonaws.com/source/images/22415438-5218-42e7-911a-2c667e253d87/8456cda9-69b8-4e86-9076-b54577cc7bdd/original.png?AWSAccessKeyId=ASIAQHH25EVPKRPPZ5GH&Signature=UmuxkupI2HhYFqwS0rQVLuvU2eg%3D&content-type=image%2Fpng&x-amz-tagging=assetId%3D22415438-5218-42e7-911a-2c667e253d87%26versionId%3D8456cda9-69b8-4e86-9076-b54577cc7bdd%26projectId%3D0f47ed8b-f65d-4675-8bf6-2f9f073eb6f1&x-amz-security-token=IQoJb3JpZ2luX2VjEBQaCXVzLWVhc3QtMSJHMEUCIA5MeB8r4B7tLH3xDU96oDZt2sI%2B7OH5ZC2awY049EuDAiEAhQjOauAN%2BPVzYulsa1frXckFMb7HKZzFUIGhFtbLYvsqrAMIjP%2F%2F%2F%2F%2F%2F%2F%2F%2F%2FARACGgwwMTU1NTg1ODM2NDYiDOsBS%2FUPQs71dpCjnCqAA1aYLgQphqflu2xnKNY4%2FeimqcMSCrc2cBEURpXFUC7Bc5sxG4V6SRYyYx%2FpnltrAC3AaqVEcxeH%2Fh3uVCN5LZ%2BNVqzGbvsf6bxuErjgRLY9uung0uw59feGCMZqdXS%2FjTQG%2B0NMHu%2Fpczga74h0hF4%2Fj7UZb8i68VO8Hkvsj1y7k4ZpMapjxjTUEQhd8PYC4Tf5L4NeUbLspm058N34hhjmvvO2MSrbHgP%2BIJwD525UTc3Uo8rgJRVKDf8NxDk%2FSjh%2BJ9JlQ90jbH%2FfZ5xyta%2FGUWG0SQS55HNOWQ3KgkOJTa%2BW0D6vj%2BQZQnBX5%2F3cAiT3nfRMo5i1%2BrEO6FlIglko19GRSY8DuKdC48xOJD3ZPHvad9uBp%2BLo%2Br4K53qgRdOg19%2FUeV13r30aeXcMQep4Nbx1x%2B%2BbhUpjRCYWjFfEK8%2BMtH%2BcS%2BytM089CvI8u4GogxxdMD9kcx84n2SIfYSeFGcnXZmO2wHCM8uoYCRZgbqR%2B3wsHnVU38N29hUcrTDSzI25BjqdAcnP8%2FWhn7BOdtcjQ7tXXOhb8m997M2V%2BNBekHvHoP0%2B5FoKzfnJeaurymmWp5OCsAErmseglhXzGqKtALkgE0KBVE6yvKSXRmdvs%2BzAP%2FSe%2BjJPp%2FvmVZAQcjKviyZUuSHZIf9CLSSzushAqHjvBmfnYD96Y2vOFWhbdIqRIU2DkGpDaDvnzD51DcEOqocloBbBauR1EV566VT%2Bbn0%3D&Expires=1730376803","https://epdc.wiley.com/images/22415438-5218-42e7-911a-2c667e253d87",200
"0f47ed8b-f65d-4675-8bf6-2f9f073eb6f1",PROD,QUE_76921,"media312567_FC_art191512975668.png","C:\Users\tasadulina\some_projects\MCS_Flashcards\9781119312567\media\media312567_FC_art191512975668.png",IMAGE,PNG,image/png,"9006a42e-a7e4-459b-9a92-18865172795e","https://epdc-prod-media.s3.amazonaws.com/source/images/9006a42e-a7e4-459b-9a92-18865172795e/85bead78-a127-4969-8839-5ccf2c337268/original.png?AWSAccessKeyId=ASIAQHH25EVPDRPA4LNM&Signature=dBGP3fd1vNHH80I16ls1c7EAhKQ%3D&content-type=image%2Fpng&x-amz-tagging=assetId%3D9006a42e-a7e4-459b-9a92-18865172795e%26versionId%3D85bead78-a127-4969-8839-5ccf2c337268%26projectId%3D0f47ed8b-f65d-4675-8bf6-2f9f073eb6f1&x-amz-security-token=IQoJb3JpZ2luX2VjEBQaCXVzLWVhc3QtMSJGMEQCIFUt7tCGFCvmNavcjuXpomuedRCnuzLvfej6RYLwgZEDAiAufOpfdJWjfkIDOL501mNwj%2BeAZf4LUeQytquSS2eE%2BCqsAwiM%2F%2F%2F%2F%2F%2F%2F%2F%2F%2F8BEAIaDDAxNTU1ODU4MzY0NiIMMyq6jlqMgu%2B58PRtKoADrPQjYOoZ%2BOnGN6ukjAubh3QQjCDoIj6OnYrba0uxspOMXxaqy0DhLI96Ie1bqo7OJX5oX9G4kH8i%2FDcN2EWAR5xdFCj8Q0fv7BlXUQCJci%2FH%2FDwaFLYmy8dozMaiHDHDshfYa8pQ3wAyXp5FBp8wnffhfgNug3lGx5CgZf0jqx3pu1j0aA82Pa5iR8eFapAxolIaGJnBJzdaoa3Nguci71Uikz1BdkR0B7YAe68PBMnMfkhAeaDy3AWt3C5h5NmjzyTjnIAFr65nRdFDzGEtL2QgCG0Wg2MIBufWdeujmZapIvljALtqbuBh2NTAr4nPQGd3mxo0zBoffu1tE1%2FtAFbH797qrW7cnwAfQ%2BOp2UjCo5VFSmqU9S5itzXC87VOG9Y%2B8zImwh8hdZz5GNVIXmz8MtZzs5F1DvaB0W0VkXlX3W61mNaAgx7ORnMYoB%2BmvXbAgXJdFq07oGVbg%2BdGZ5wJpPnu%2FqV7HqM%2FJfNokHVtHs7rdrQcTAbYwWwldaCFMNLMjbkGOp4BRpeBsdpOeGbCG6J6QArWzZgNZU6zqAKq615wQOx04zvso3gMEIUY%2F%2BgE5xkp5ZmSc8RBjzEofPn59jz%2FOnBwNSKnP44nUlweb5frGTN2ay7fMJaYyoD%2BZw9POYaB2hPq6m99j2kI0cx8limAzahW2mUuvaOrb181miHY0U3v6Iy29C4MPM7IKWhXR2WKZ0V77lqbiNIxT%2Fklce2PYCc%3D&Expires=1730376803","https://epdc.wiley.com/images/9006a42e-a7e4-459b-9a92-18865172795e",200
"0f47ed8b-f65d-4675-8bf6-2f9f073eb6f1",PROD,QUE_76922,"media312567_FC_art201512975668.png","C:\Users\tasadulina\some_projects\MCS_Flashcards\9781119312567\media\media312567_FC_art201512975668.png",IMAGE,PNG,image/png,"51b477c5-429c-4ae5-9785-9f29e387bbd4","https://epdc-prod-media.s3.amazonaws.com/source/images/51b477c5-429c-4ae5-9785-9f29e387bbd4/9f406329-10d7-46e4-b996-6856059a7aec/original.png?AWSAccessKeyId=ASIAQHH25EVPFB2RXPMF&Signature=SZsyYOhk88kDlIE2szJm6LDLTQU%3D&content-type=image%2Fpng&x-amz-tagging=assetId%3D51b477c5-429c-4ae5-9785-9f29e387bbd4%26versionId%3D9f406329-10d7-46e4-b996-6856059a7aec%26projectId%3D0f47ed8b-f65d-4675-8bf6-2f9f073eb6f1&x-amz-security-token=IQoJb3JpZ2luX2VjEBQaCXVzLWVhc3QtMSJHMEUCIQCrp0U8HtTQ91qRVf%2Fp%2By3fiuAeBaTLwhAGE6Kk%2FV6NlQIgRGUpd8c1pIgmObduKrlxi7zDsaVCThQCp3qsUjtiH4UqrAMIjP%2F%2F%2F%2F%2F%2F%2F%2F%2F%2FARACGgwwMTU1NTg1ODM2NDYiDPp%2BR0Lbmh4uStOl%2FiqAAzLe71K%2B80KybChjGoRYbYNdLDlh7zxcKoHTFSwvxi4PM4fpCmIyftEv9XrfgMAjq6c1tUXipDnaQcKN48Cn6kSiTACn4boNKxCtlJU%2BZHNKIC0JsoPWwYeMwR43I7nARiXZ328WwHZKxK2LPE9DQUm1pTlpTWAltc4u3YVy9sDImrLEsRRoKaaoCqqge0%2Bs4MRL6lo%2B1nFJbN8Vt4MmEsemKdreNa9c0IOMDIXIUhKCZjXkCU7Zb0QVZ0ZwgiU8uh616bsTlMIwrw7ZFyfeJwZ4skC2IUPHkfliaACbK6P1GK3vpXvN4WajI5x7NDOUxifFdP6Qh3btE11w1JTH%2BQmaqN%2FIIkfCuuxFOXzJ9lGN1aIgp4t5lgLLM1hUJdNakxFLaTrefTTQxDo8cnj6xyOimAAOnz%2Fe5J1D6UqTcDEWCWQyf%2FauOATbmkSlkUvkOt7DV%2B2lGW1WY68TWXGwmZl%2BwWQsczZdFsCAQhtraUTZ8PLusUjj8tCU7%2FCPLX09nzDSzI25BjqdAUMnYus6ZWOfS3n4El9XffAN3gGRWP4fk2wa%2BvV7REc%2Bge4U5TtbSCsHWG0%2Bvh4nEEZmcK0%2F5XynvW4vQKQMksc2t1HqE94unqcYXQuDIPnNxXIjtf2DmwL0fOZPAqF1TZBR0CpZv0AgMDKRJblE5QGkYsXKmbr5AbIVg7%2Bmxv7OckHtso1rXmYS0%2FW4Czro3l%2BLNgHg87exsP7oJNM%3D&Expires=1730376803","https://epdc.wiley.com/images/51b477c5-429c-4ae5-9785-9f29e387bbd4",200
"0f47ed8b-f65d-4675-8bf6-2f9f073eb6f1",PROD,QUE_76923,"media312567_FC_art211512975669.png","C:\Users\tasadulina\some_projects\MCS_Flashcards\9781119312567\media\media312567_FC_art211512975669.png",IMAGE,PNG,image/png,"38d4d092-61a3-48ad-84d4-3f94c950927f","https://epdc-prod-media.s3.amazonaws.com/source/images/38d4d092-61a3-48ad-84d4-3f94c950927f/3aacafdf-474a-4d82-bcb1-57ea702be842/original.png?AWSAccessKeyId=ASIAQHH25EVPPXFUC26F&Signature=%2FKlL4fZgH5down%2BTp8tBGfAD1n0%3D&content-type=image%2Fpng&x-amz-tagging=assetId%3D38d4d092-61a3-48ad-84d4-3f94c950927f%26versionId%3D3aacafdf-474a-4d82-bcb1-57ea702be842%26projectId%3D0f47ed8b-f65d-4675-8bf6-2f9f073eb6f1&x-amz-security-token=IQoJb3JpZ2luX2VjEBQaCXVzLWVhc3QtMSJHMEUCIQDiMNQDCu6HKITdrzbkctvFcQOZCRjo2CJhOn76ohUEWwIgAzYHEQrVo8Fk8MaKzaOzpQAUI8%2BCIKEtS5P%2FCEG7YDQqrAMIjP%2F%2F%2F%2F%2F%2F%2F%2F%2F%2FARACGgwwMTU1NTg1ODM2NDYiDKx%2Bs0rVMzW%2Fvlm4XCqAA0%2BfWWk7jA6bSQzKspDPuRauMvOUaWBd95tk1If0lvXUgqRF%2FPdIi%2BfmCzgXT2EQ1TG%2BhX9K3vQVv%2BxiH7UZhTERiOZ3M8%2BYqFlyByENdeRj0Ly1MVHHUL8h7jYcEocxLE4Cee4AxCJ%2FCQdpOUyKBGp3CJXI5X22KfZlipGUREqF1Xo%2FB%2FLkmfKpP7xUA%2FWUfzqBJQckQM0mUR5XVkQcQk3LnteKCIMkB5d8PPN3Hy9RD4Q5srgpqh2go5zLwo1exESdt7eq9SK0YdWO325KJnrzEBNOMO58Bu%2FkDsg1zzJ9pmm%2BygZGZY4%2FxoOeiFC8WJtF9aAt1AY%2FLX6qP9WH709MJ4nBuyNPBWElix8e3%2FcqS623%2FMe9YHBas1NtxvU5nMJoCRD9eQ7%2FM0mjk1M8%2BzYmVGf0YNTQ%2F3S0%2BawAKve2hsngaRJYcYoZcwwizlgr2SNrA70bVWjXoHdx3JZkyB%2Bsg5sqlSbiReFQXJbVSkfKFT%2BBF7R%2BMNJ43T9r62dvvjDSzI25BjqdAbBxcTbCQxbRKxgeAlywlMmFOo7DcpxK%2FffMM946uISFlGteEjzA%2FAQzfFK83q9Kl9dpWBcOt%2FroowsejJzIhvMxgTy4Pd9Vl8Gou3G5HBSosN5CyoJmeMBlXsNqsPvs%2BL6avXUAnGyZ6vvFXGYkdDokJOY0D%2FruvT1CxXKFrGgQFX2xVnu9Y5TKluevr2GTHthX%2BEC%2FPFz3sZVro6M%3D&Expires=1730376803","https://epdc.wiley.com/images/38d4d092-61a3-48ad-84d4-3f94c950927f",200
"0f47ed8b-f65d-4675-8bf6-2f9f073eb6f1",PROD,QUE_76924,"media312567_FC_art221512975669.png","C:\Users\tasadulina\some_projects\MCS_Flashcards\9781119312567\media\media312567_FC_art221512975669.png",IMAGE,PNG,image/png,"2c22c86d-5ba0-4db7-adab-a41159f652b8","https://epdc-prod-media.s3.amazonaws.com/source/images/2c22c86d-5ba0-4db7-adab-a41159f652b8/2162adcd-e0b4-4ef9-adab-da041c349671/original.png?AWSAccessKeyId=ASIAQHH25EVPPOZBX2TG&Signature=Y%2FEmJdeg0ccu9TUv8uWxISu0RiI%3D&content-type=image%2Fpng&x-amz-tagging=assetId%3D2c22c86d-5ba0-4db7-adab-a41159f652b8%26versionId%3D2162adcd-e0b4-4ef9-adab-da041c349671%26projectId%3D0f47ed8b-f65d-4675-8bf6-2f9f073eb6f1&x-amz-security-token=IQoJb3JpZ2luX2VjEBQaCXVzLWVhc3QtMSJHMEUCIQC5RrVP4kHpvn1PAer1PKUmnb07SVYVeobaaRNTb1V%2BFwIgesB%2FCRcz8lKZrNVxfBhLXMKffTgmvvg1UTNEAlpq8boqrAMIjP%2F%2F%2F%2F%2F%2F%2F%2F%2F%2FARACGgwwMTU1NTg1ODM2NDYiDLx7XZliI56x%2F0FHxCqAA7yr0pnk8H1oxYMb%2Bo1cC%2B9eFwktX2IEEiaGfoy4OgmqY%2BXKtE9HTDSJanOxZ5C%2F6NEWkT2EZ2LeeqzlFzWZVDxss98ilrA9Zf5SUtYv%2B3W%2FsFeVRPpIIT5xl7IO3nsMMbTT%2BDHUr0%2BUEI8BDKT2ebrMg1vpWryUH0Kd1%2BzX30SBB2M39Rz0rIby943jD9%2BRiNwE5P7cak1EWorIdUYsh%2B3%2F8ZnkchQSc9V1ScecZby7KrOxvpQ1UyAWUuZQl%2BLN%2BG6FDEZY%2FG%2ByQB4vHN6eyQK6pLgZDCwHBLxoC8OR8xbv2ZC0Xiu2UoL9in6V2kh%2FlS9FgpXvgOwKTyo1oNvMB0YgnyY3ZzEDTkwHkq3INKQYEtFGBDT4ba%2F1vVo7hDuady7Gs9rboVZKCTlfL%2Fc2UoJYMPoYZA9q7K%2Fpb42znhAetfbRbMMvNFoP5ds8Snj7O4hvDmxVP%2Bum3YgLgikO5B0L%2BIaJpa1H5Pg%2BTmry4CgEalFHDVnbzyQsaxdPDiHWjzDSzI25BjqdATmN1iwqPgivTXYLCDyj2f%2Fat2P7sTaICRVhg23mhUUJzIk960JN0tAy2Kr1uQSCiVo6mreKW57DUwOZ%2BywQhEI0uuQKB9eLIXWRYJIW3YoglOvhlpyt%2BQCm8rv2LwLqIRzoI25HxkQOqDl%2BySXCi941EGye1dOKLNRzBDhXVo%2FMa3jBLHT2UvClAvPvwu%2BXWhCbrOOjx9%2FsqCy5pn0%3D&Expires=1730376803","https://epdc.wiley.com/images/2c22c86d-5ba0-4db7-adab-a41159f652b8",200
"0f47ed8b-f65d-4675-8bf6-2f9f073eb6f1",PROD,QUE_76925,"media312567_FC_art231512975333.png","C:\Users\tasadulina\some_projects\MCS_Flashcards\9781119312567\media\media312567_FC_art231512975333.png",IMAGE,PNG,image/png,"dfe6ed74-0c9d-4e84-ac8d-9122d2baf2cc","https://epdc-prod-media.s3.amazonaws.com/source/images/dfe6ed74-0c9d-4e84-ac8d-9122d2baf2cc/2044e839-1748-49a9-9a7c-02270414946f/original.png?AWSAccessKeyId=ASIAQHH25EVPDYLCLOES&Signature=P9LQREW0JpA1lZyvRvHmaLoz3Ns%3D&content-type=image%2Fpng&x-amz-tagging=assetId%3Ddfe6ed74-0c9d-4e84-ac8d-9122d2baf2cc%26versionId%3D2044e839-1748-49a9-9a7c-02270414946f%26projectId%3D0f47ed8b-f65d-4675-8bf6-2f9f073eb6f1&x-amz-security-token=IQoJb3JpZ2luX2VjEBQaCXVzLWVhc3QtMSJGMEQCICn7WlIBUyCL6sY%2Fm8jkQ4zgRQuhHSxjGwJ9zjQucejBAiBLfV9pbmpcww8P1enbp4kBovuKNeDrgJIew2XPm9GpmCqsAwiM%2F%2F%2F%2F%2F%2F%2F%2F%2F%2F8BEAIaDDAxNTU1ODU4MzY0NiIMuhMSIL3tEJ7REup4KoAD%2BxFi7DIJehT8tN%2FE%2BB6ZEEZWRu9EMbsImDJOMkknXQwf1Uc36u%2FQILa4fczoSe0qB0XgGAa3C7u%2FLf9Oh9yH2%2FIBwDZoIue5dQHq2fkNRlEvQW3a0Owgg9XNkQxfi5h5AAyItmJMwh7OqkTp368Bbe1DFUYE4tZANfEhTLrNxhVkACISCP1uXILvvsRXaUg4wiAgBUlSp6yvvBA9HrdA117475FuUuB%2BI49%2BT5%2FgOHlfNvrh5BaDjcDFQ0ow38n5in5DDkTPvZNIiIAD01k8eqaO5KrnPklUvsdpYpSvwE1wkx86PepwIgMPeRdg8pU2mvrXFiqA7qtWksC1WwG1eR16xqi5EJKghX6fTGf41CMwn2TeMj9pWp6aHx9zGsVNvsOfSf6NMGp%2BgXt9ltPScHlQOgD0k0eNbzVhCKf7jxbITBfhgjWEhC1zwDDIzaAaSU5nu07OaQzEa90toJKzmcxUkEkZrNva2RSDRT%2B1JGGsXYvPJF1pIoHXKzhZbNsFMNLMjbkGOp4BIC4mupSCMaGbSAKIrhim%2Bt5CQMKoLIWrPePj7UOYaMhAqdw1N8y1ikNCoVHUPu7%2BGilQ%2FJmql1W1xAnBdy0KezklYW3bY4C7JVVun3IMlxlXQX5dvxCCoZl10B3vlxigT%2BUotgsuSv9CGNptIfD%2BTyFu%2F3s202s3i6insl9yGlyHUhEY3MmvNoQvM6MQpfGiGnwMwx2gj44Ag2l%2FPQ8%3D&Expires=1730376803","https://epdc.wiley.com/images/dfe6ed74-0c9d-4e84-ac8d-9122d2baf2cc",200
"0f47ed8b-f65d-4675-8bf6-2f9f073eb6f1",PROD,QUE_76926,"media312567_FC_art241512975333.png","C:\Users\tasadulina\some_projects\MCS_Flashcards\9781119312567\media\media312567_FC_art241512975333.png",IMAGE,PNG,image/png,"cec4c6c9-7387-40df-a069-abe7d57e0ec6","https://epdc-prod-media.s3.amazonaws.com/source/images/cec4c6c9-7387-40df-a069-abe7d57e0ec6/30b8e2af-38a2-462f-a5d5-a0b8666a8663/original.png?AWSAccessKeyId=ASIAQHH25EVPDRPA4LNM&Signature=OWJKGUGY2NUju2mNguzSz0GZSq4%3D&content-type=image%2Fpng&x-amz-tagging=assetId%3Dcec4c6c9-7387-40df-a069-abe7d57e0ec6%26versionId%3D30b8e2af-38a2-462f-a5d5-a0b8666a8663%26projectId%3D0f47ed8b-f65d-4675-8bf6-2f9f073eb6f1&x-amz-security-token=IQoJb3JpZ2luX2VjEBQaCXVzLWVhc3QtMSJGMEQCIFUt7tCGFCvmNavcjuXpomuedRCnuzLvfej6RYLwgZEDAiAufOpfdJWjfkIDOL501mNwj%2BeAZf4LUeQytquSS2eE%2BCqsAwiM%2F%2F%2F%2F%2F%2F%2F%2F%2F%2F8BEAIaDDAxNTU1ODU4MzY0NiIMMyq6jlqMgu%2B58PRtKoADrPQjYOoZ%2BOnGN6ukjAubh3QQjCDoIj6OnYrba0uxspOMXxaqy0DhLI96Ie1bqo7OJX5oX9G4kH8i%2FDcN2EWAR5xdFCj8Q0fv7BlXUQCJci%2FH%2FDwaFLYmy8dozMaiHDHDshfYa8pQ3wAyXp5FBp8wnffhfgNug3lGx5CgZf0jqx3pu1j0aA82Pa5iR8eFapAxolIaGJnBJzdaoa3Nguci71Uikz1BdkR0B7YAe68PBMnMfkhAeaDy3AWt3C5h5NmjzyTjnIAFr65nRdFDzGEtL2QgCG0Wg2MIBufWdeujmZapIvljALtqbuBh2NTAr4nPQGd3mxo0zBoffu1tE1%2FtAFbH797qrW7cnwAfQ%2BOp2UjCo5VFSmqU9S5itzXC87VOG9Y%2B8zImwh8hdZz5GNVIXmz8MtZzs5F1DvaB0W0VkXlX3W61mNaAgx7ORnMYoB%2BmvXbAgXJdFq07oGVbg%2BdGZ5wJpPnu%2FqV7HqM%2FJfNokHVtHs7rdrQcTAbYwWwldaCFMNLMjbkGOp4BRpeBsdpOeGbCG6J6QArWzZgNZU6zqAKq615wQOx04zvso3gMEIUY%2F%2BgE5xkp5ZmSc8RBjzEofPn59jz%2FOnBwNSKnP44nUlweb5frGTN2ay7fMJaYyoD%2BZw9POYaB2hPq6m99j2kI0cx8limAzahW2mUuvaOrb181miHY0U3v6Iy29C4MPM7IKWhXR2WKZ0V77lqbiNIxT%2Fklce2PYCc%3D&Expires=1730376807","https://epdc.wiley.com/images/cec4c6c9-7387-40df-a069-abe7d57e0ec6",200
"0f47ed8b-f65d-4675-8bf6-2f9f073eb6f1",PROD,QUE_76927,"media312567_FC_art251512975334.png","C:\Users\tasadulina\some_projects\MCS_Flashcards\9781119312567\media\media312567_FC_art251512975334.png",IMAGE,PNG,image/png,"822cf71b-a51c-4093-9f4d-c78bcd69f70e","https://epdc-prod-media.s3.amazonaws.com/source/images/822cf71b-a51c-4093-9f4d-c78bcd69f70e/9bbd430b-4164-4f82-b52c-49aa7a46e03e/original.png?AWSAccessKeyId=ASIAQHH25EVPIEPTZZFR&Signature=OMacLqf9Nq%2FXbhpCXuXB%2FSu0y6Y%3D&content-type=image%2Fpng&x-amz-tagging=assetId%3D822cf71b-a51c-4093-9f4d-c78bcd69f70e%26versionId%3D9bbd430b-4164-4f82-b52c-49aa7a46e03e%26projectId%3D0f47ed8b-f65d-4675-8bf6-2f9f073eb6f1&x-amz-security-token=IQoJb3JpZ2luX2VjEBQaCXVzLWVhc3QtMSJHMEUCIQCljEIKzctz%2FvRjBePjc6CBAfwy7nqbQb9M%2Bhk8R1oPtAIgCAr%2BQ52YdqTtpXASBaOvXWrpf%2BmMfg3fFMO1%2FNItKaQqrAMIjP%2F%2F%2F%2F%2F%2F%2F%2F%2F%2FARACGgwwMTU1NTg1ODM2NDYiDHE6c7XkopzpdQMj5SqAA3UiIVD7fJ0F0y5B8CbvJLBgxD0LYrkDp9ni8ivqpWTvOC3XX7gdFlFaSjclt1v1oXrgc2qKNhTJC6UpZRSOGuaOzkjbZ32jWo0ETiohQ7LhZBGviELoVUaMI7Lc7EMw7QxG8%2BwHObFz6PndIhXeLgbkx3eCWjt3qBwRdAwECawZcuWB31tT%2B%2FMNS8yrHSjculCg5IQEMkv03%2BfvJJXo%2FoKPRQyhA7RyaLd%2Bbc7IuS7x21yBMG1V96nsbRK8T4%2Bukw5XxDcogN7eIzWBUbqfOrPX1Y5wWKsJt3yjBHOGKZsDsA8dcJrnisOZoibqhpxZUgQogk0drrzIPzBwDb9ni9VCSo1JUr99RUu9rTp7S6UVRb3ngB8c4fBoVY1BX5AyHApAdRdtVlwpYe1g7OQ%2Fi2WdFJ9O39HlVmXHCfnKLEsx5Hb29e3dhu6OOlU6ds2Kr5pvZCFIdbOmV9X5QV4SpcV6FG1RmTPNBbnuo8W0zBfMiiv56YuKhOBPfKCi7TaNVzDSzI25BjqdAc2pqmkn9%2BF5cOf4K%2FY8gkm1ioLNUSWLzmAhliookmkZTEUecV2VOWlkeVmuGTZuF77aXnhC3GUgKD6xhgIAt316UVYIGZ60dnnACBoKAc%2F2xz1H8m4vB2Aw%2BWGXAc4%2BkgUbeJdjQpplJHM%2FvF1iM1fy4CXVHp2gP2tNDy3ISPJZ3tD5aiC%2F04tIDslR4jgF6iMaovve8WxOLTDSJwQ%3D&Expires=1730376807","https://epdc.wiley.com/images/822cf71b-a51c-4093-9f4d-c78bcd69f70e",200
"0f47ed8b-f65d-4675-8bf6-2f9f073eb6f1",PROD,QUE_76928,"media312567_FC_art261512986408.png","C:\Users\tasadulina\some_projects\MCS_Flashcards\9781119312567\media\media312567_FC_art261512986408.png",IMAGE,PNG,image/png,"767abc63-ccdd-4794-a4ac-036752e918aa","https://epdc-prod-media.s3.amazonaws.com/source/images/767abc63-ccdd-4794-a4ac-036752e918aa/536bd67a-e975-4cb0-81ee-94c9b76837d9/original.png?AWSAccessKeyId=ASIAQHH25EVPDQZQJO3N&Signature=P8%2BV%2FbR3ByB7JKr%2BgpL4eKjLq6o%3D&content-type=image%2Fpng&x-amz-tagging=assetId%3D767abc63-ccdd-4794-a4ac-036752e918aa%26versionId%3D536bd67a-e975-4cb0-81ee-94c9b76837d9%26projectId%3D0f47ed8b-f65d-4675-8bf6-2f9f073eb6f1&x-amz-security-token=IQoJb3JpZ2luX2VjEBQaCXVzLWVhc3QtMSJHMEUCIGVgTx3JJrDNkPQTLgTLp%2B4EbIbW%2BQo3vOdQo7QUFrmdAiEAmOj1XtL7li15%2FbHfAqNV1G93YtDLrv64clJ40PH0qgEqrAMIjP%2F%2F%2F%2F%2F%2F%2F%2F%2F%2FARACGgwwMTU1NTg1ODM2NDYiDMWibpuH14ohCXHqeCqAAx1YL7M6TfmEywixy6Zp%2FkmDS5vY5ig4hdSYNYV1l%2BpJK5mEndyQfKujdCdIy1OfwwjP2w72EG0%2FByZQcf7yoTTEIPdCIb%2Fp1I7Bj3%2B8lkbQ569ofWcEInsW0YWCaFCEAP0nqf0rtvNZuql%2FQ0g72ZeZ041PQB8p%2FLLM%2BlUJoNHDN1bS3A7E6e%2FT9Lj44nJ9gffqdqy2Cvue7mxshrAVWz34pOkUwynH4eEfk1ysb8uQVGnT5A4gygXFcCIYZzS2AwHC82maXwMjGTPlBlBU91YPwUyzmf8cMhHHiWacQMChOaDEwybifjpG%2FF9%2B5Cjg2J7YP7UXTzOxuo80AEC8825Vhnf8zatpOf2nmZAHDgO5Mv4PV7MBmy81jE9Km4hxbm4yBSwiWp9728IosaLJb39D6sKLdqZpOs8%2FhKf8wjvWUZ6%2BIuIb3WRUQQgN7iOGZvCH%2BF22DXcRG14CI6FM5ATBStdb6AQvu9R2QxuJG61JCklBeM4GvbuNmtpXunoHUzDSzI25BjqdAV9BEhAd5Ff%2F8dSfhvbu6UAlAoW5oejC2JPkfvlXxU%2FRxzykQDgmPAInWzA8FH5R8eIIp68z6mg67wvt9rGTMG4HJk5TKA%2F4VBgNm5PcrovSTfW%2FbMckIHhMd4CO5RhNN09HDY2B6HcUAYBi3MUqeSTeevC6VxJwtzf0roq2N6FLOOu%2BWwMUYqb8CKwAsh%2FJYjISPiGob2epFW4xv5E%3D&Expires=1730376803","https://epdc.wiley.com/images/767abc63-ccdd-4794-a4ac-036752e918aa",200
"0f47ed8b-f65d-4675-8bf6-2f9f073eb6f1",PROD,QUE_76929,"media312567_FC_art271512975671.png","C:\Users\tasadulina\some_projects\MCS_Flashcards\9781119312567\media\media312567_FC_art271512975671.png",IMAGE,PNG,image/png,"6bf621a0-c036-4d19-8ba8-09f8efaf5b8b","https://epdc-prod-media.s3.amazonaws.com/source/images/6bf621a0-c036-4d19-8ba8-09f8efaf5b8b/f3d7158e-2018-4e15-aaaa-a7cbb13cad6d/original.png?AWSAccessKeyId=ASIAQHH25EVPPOZBX2TG&Signature=mG3V98wGECOWaMnSj5qI0EGDW3g%3D&content-type=image%2Fpng&x-amz-tagging=assetId%3D6bf621a0-c036-4d19-8ba8-09f8efaf5b8b%26versionId%3Df3d7158e-2018-4e15-aaaa-a7cbb13cad6d%26projectId%3D0f47ed8b-f65d-4675-8bf6-2f9f073eb6f1&x-amz-security-token=IQoJb3JpZ2luX2VjEBQaCXVzLWVhc3QtMSJHMEUCIQC5RrVP4kHpvn1PAer1PKUmnb07SVYVeobaaRNTb1V%2BFwIgesB%2FCRcz8lKZrNVxfBhLXMKffTgmvvg1UTNEAlpq8boqrAMIjP%2F%2F%2F%2F%2F%2F%2F%2F%2F%2FARACGgwwMTU1NTg1ODM2NDYiDLx7XZliI56x%2F0FHxCqAA7yr0pnk8H1oxYMb%2Bo1cC%2B9eFwktX2IEEiaGfoy4OgmqY%2BXKtE9HTDSJanOxZ5C%2F6NEWkT2EZ2LeeqzlFzWZVDxss98ilrA9Zf5SUtYv%2B3W%2FsFeVRPpIIT5xl7IO3nsMMbTT%2BDHUr0%2BUEI8BDKT2ebrMg1vpWryUH0Kd1%2BzX30SBB2M39Rz0rIby943jD9%2BRiNwE5P7cak1EWorIdUYsh%2B3%2F8ZnkchQSc9V1ScecZby7KrOxvpQ1UyAWUuZQl%2BLN%2BG6FDEZY%2FG%2ByQB4vHN6eyQK6pLgZDCwHBLxoC8OR8xbv2ZC0Xiu2UoL9in6V2kh%2FlS9FgpXvgOwKTyo1oNvMB0YgnyY3ZzEDTkwHkq3INKQYEtFGBDT4ba%2F1vVo7hDuady7Gs9rboVZKCTlfL%2Fc2UoJYMPoYZA9q7K%2Fpb42znhAetfbRbMMvNFoP5ds8Snj7O4hvDmxVP%2Bum3YgLgikO5B0L%2BIaJpa1H5Pg%2BTmry4CgEalFHDVnbzyQsaxdPDiHWjzDSzI25BjqdATmN1iwqPgivTXYLCDyj2f%2Fat2P7sTaICRVhg23mhUUJzIk960JN0tAy2Kr1uQSCiVo6mreKW57DUwOZ%2BywQhEI0uuQKB9eLIXWRYJIW3YoglOvhlpyt%2BQCm8rv2LwLqIRzoI25HxkQOqDl%2BySXCi941EGye1dOKLNRzBDhXVo%2FMa3jBLHT2UvClAvPvwu%2BXWhCbrOOjx9%2FsqCy5pn0%3D&Expires=1730376807","https://epdc.wiley.com/images/6bf621a0-c036-4d19-8ba8-09f8efaf5b8b",200
"0f47ed8b-f65d-4675-8bf6-2f9f073eb6f1",PROD,QUE_76930,"media312567_FC_art291512975673.png","C:\Users\tasadulina\some_projects\MCS_Flashcards\9781119312567\media\media312567_FC_art291512975673.png",IMAGE,PNG,image/png,"01083d07-a86f-4ab4-950e-e7477fa50d09","https://epdc-prod-media.s3.amazonaws.com/source/images/01083d07-a86f-4ab4-950e-e7477fa50d09/2b3e3a0b-ff8e-4eff-b449-5867ffe92159/original.png?AWSAccessKeyId=ASIAQHH25EVPIEPTZZFR&Signature=DgYi%2F%2BroAc2rMvbywlT%2FjifKBAc%3D&content-type=image%2Fpng&x-amz-tagging=assetId%3D01083d07-a86f-4ab4-950e-e7477fa50d09%26versionId%3D2b3e3a0b-ff8e-4eff-b449-5867ffe92159%26projectId%3D0f47ed8b-f65d-4675-8bf6-2f9f073eb6f1&x-amz-security-token=IQoJb3JpZ2luX2VjEBQaCXVzLWVhc3QtMSJHMEUCIQCljEIKzctz%2FvRjBePjc6CBAfwy7nqbQb9M%2Bhk8R1oPtAIgCAr%2BQ52YdqTtpXASBaOvXWrpf%2BmMfg3fFMO1%2FNItKaQqrAMIjP%2F%2F%2F%2F%2F%2F%2F%2F%2F%2FARACGgwwMTU1NTg1ODM2NDYiDHE6c7XkopzpdQMj5SqAA3UiIVD7fJ0F0y5B8CbvJLBgxD0LYrkDp9ni8ivqpWTvOC3XX7gdFlFaSjclt1v1oXrgc2qKNhTJC6UpZRSOGuaOzkjbZ32jWo0ETiohQ7LhZBGviELoVUaMI7Lc7EMw7QxG8%2BwHObFz6PndIhXeLgbkx3eCWjt3qBwRdAwECawZcuWB31tT%2B%2FMNS8yrHSjculCg5IQEMkv03%2BfvJJXo%2FoKPRQyhA7RyaLd%2Bbc7IuS7x21yBMG1V96nsbRK8T4%2Bukw5XxDcogN7eIzWBUbqfOrPX1Y5wWKsJt3yjBHOGKZsDsA8dcJrnisOZoibqhpxZUgQogk0drrzIPzBwDb9ni9VCSo1JUr99RUu9rTp7S6UVRb3ngB8c4fBoVY1BX5AyHApAdRdtVlwpYe1g7OQ%2Fi2WdFJ9O39HlVmXHCfnKLEsx5Hb29e3dhu6OOlU6ds2Kr5pvZCFIdbOmV9X5QV4SpcV6FG1RmTPNBbnuo8W0zBfMiiv56YuKhOBPfKCi7TaNVzDSzI25BjqdAc2pqmkn9%2BF5cOf4K%2FY8gkm1ioLNUSWLzmAhliookmkZTEUecV2VOWlkeVmuGTZuF77aXnhC3GUgKD6xhgIAt316UVYIGZ60dnnACBoKAc%2F2xz1H8m4vB2Aw%2BWGXAc4%2BkgUbeJdjQpplJHM%2FvF1iM1fy4CXVHp2gP2tNDy3ISPJZ3tD5aiC%2F04tIDslR4jgF6iMaovve8WxOLTDSJwQ%3D&Expires=1730376806","https://epdc.wiley.com/images/01083d07-a86f-4ab4-950e-e7477fa50d09",200
"0f47ed8b-f65d-4675-8bf6-2f9f073eb6f1",PROD,QUE_76931,"media312567_FC_art291512975673_1.png","C:\Users\tasadulina\some_projects\MCS_Flashcards\9781119312567\media\media312567_FC_art291512975673_1.png",IMAGE,PNG,image/png,"68a65f5a-31bf-41ab-b7a0-dac751168cba","https://epdc-prod-media.s3.amazonaws.com/source/images/68a65f5a-31bf-41ab-b7a0-dac751168cba/14bc1669-3f9d-4370-8b5c-33ce86ebd9ef/original.png?AWSAccessKeyId=ASIAQHH25EVPHJTRUO6E&Signature=Wa1dR93Y4v2CUvE6OUVRuAqle%2FM%3D&content-type=image%2Fpng&x-amz-tagging=assetId%3D68a65f5a-31bf-41ab-b7a0-dac751168cba%26versionId%3D14bc1669-3f9d-4370-8b5c-33ce86ebd9ef%26projectId%3D0f47ed8b-f65d-4675-8bf6-2f9f073eb6f1&x-amz-security-token=IQoJb3JpZ2luX2VjEBQaCXVzLWVhc3QtMSJGMEQCIH%2FMO03vdS%2BNeME3zQSappA4NyJWrdCxfWZ%2F2tQc3hL5AiB9pJ%2FAsOx0q32KJ6MD7EB%2B4oshupUk0IiiQnLLUtzhhSqsAwiM%2F%2F%2F%2F%2F%2F%2F%2F%2F%2F8BEAIaDDAxNTU1ODU4MzY0NiIM3Ak8dR9A0CtVagZdKoADGKvhrnGRM5YBU5gnR6%2FK3p0Ds1BhLVryf27u7TuAJaakhwoahlU2cF8fO7VPDIUhmhQbZW0rA7BiFLzmzoCiD6fjrUMLnKnOL6H0EA2RSCD6EgRUeAMmkfYlOisxdwkXyFl2fCkJ1sYikqh14EBjT6MF5re2uSUmQbwRYH5%2B400YvCEEBc65HMlPOMYviVdSf%2F9Ms6UnaPZVvBRpiGvp0DGP%2BKOCwSUii%2B2Nkt%2BHtv5ofi29LiRLH76CmS%2FxficIhHb3wdAgjNUBZg2V2i6WgdVYf7lC4CWPwZoLvCSHJAWktzEYGharPcamkj%2Faiv%2FyrrIQ0Jy7B3r7KspMk3xDSU7QdYSI8pKEoEpyAPDB33LkmwynY%2Bu3scFLlzjBEv3O7DGEAVPrm8yTlfMnw0seYkPtCceJi78XMP2p45CVMHM4q83yqGT6apLshhv9tUfdNPTjuC%2Fa0p%2Fip%2F5RYB8zB7%2FId6IkLLxcWxmzY6ye3V8alvOSiHB0BAfdr1Rt1YJ7MNLMjbkGOp4BNzbSYx5yC72cTvf4QKsQ1oI6ZPdJxffrDEaC%2Fm%2BqWaBBRtdZSZAvfsMnB39aIk2x%2B%2BmdLUFm20OiIZl%2BgzuOVHRdeV3rB6omfw0%2FBz9jY6GjF7k4kcDIfx290j5PrmjAJf0EisFbMseCXyia41pZct5fjBZW85NKxtbSt%2F6Wevhfr9Iz6x5h6PF2KRysqRJdfmqI0vTg82zIC84z9zQ%3D&Expires=1730376803","https://epdc.wiley.com/images/68a65f5a-31bf-41ab-b7a0-dac751168cba",200
"0f47ed8b-f65d-4675-8bf6-2f9f073eb6f1",PROD,QUE_76932,"media312567_FC_art301512975673.png","C:\Users\tasadulina\some_projects\MCS_Flashcards\9781119312567\media\media312567_FC_art301512975673.png",IMAGE,PNG,image/png,"5b456ee9-f6ea-4833-82e0-c12d6b2bff39","https://epdc-prod-media.s3.amazonaws.com/source/images/5b456ee9-f6ea-4833-82e0-c12d6b2bff39/5b4d3663-375c-48ee-bef5-54fcff127f17/original.png?AWSAccessKeyId=ASIAQHH25EVPPOZBX2TG&Signature=McquqBt%2B%2BpGitwR%2BZE%2BMngNxLtA%3D&content-type=image%2Fpng&x-amz-tagging=assetId%3D5b456ee9-f6ea-4833-82e0-c12d6b2bff39%26versionId%3D5b4d3663-375c-48ee-bef5-54fcff127f17%26projectId%3D0f47ed8b-f65d-4675-8bf6-2f9f073eb6f1&x-amz-security-token=IQoJb3JpZ2luX2VjEBQaCXVzLWVhc3QtMSJHMEUCIQC5RrVP4kHpvn1PAer1PKUmnb07SVYVeobaaRNTb1V%2BFwIgesB%2FCRcz8lKZrNVxfBhLXMKffTgmvvg1UTNEAlpq8boqrAMIjP%2F%2F%2F%2F%2F%2F%2F%2F%2F%2FARACGgwwMTU1NTg1ODM2NDYiDLx7XZliI56x%2F0FHxCqAA7yr0pnk8H1oxYMb%2Bo1cC%2B9eFwktX2IEEiaGfoy4OgmqY%2BXKtE9HTDSJanOxZ5C%2F6NEWkT2EZ2LeeqzlFzWZVDxss98ilrA9Zf5SUtYv%2B3W%2FsFeVRPpIIT5xl7IO3nsMMbTT%2BDHUr0%2BUEI8BDKT2ebrMg1vpWryUH0Kd1%2BzX30SBB2M39Rz0rIby943jD9%2BRiNwE5P7cak1EWorIdUYsh%2B3%2F8ZnkchQSc9V1ScecZby7KrOxvpQ1UyAWUuZQl%2BLN%2BG6FDEZY%2FG%2ByQB4vHN6eyQK6pLgZDCwHBLxoC8OR8xbv2ZC0Xiu2UoL9in6V2kh%2FlS9FgpXvgOwKTyo1oNvMB0YgnyY3ZzEDTkwHkq3INKQYEtFGBDT4ba%2F1vVo7hDuady7Gs9rboVZKCTlfL%2Fc2UoJYMPoYZA9q7K%2Fpb42znhAetfbRbMMvNFoP5ds8Snj7O4hvDmxVP%2Bum3YgLgikO5B0L%2BIaJpa1H5Pg%2BTmry4CgEalFHDVnbzyQsaxdPDiHWjzDSzI25BjqdATmN1iwqPgivTXYLCDyj2f%2Fat2P7sTaICRVhg23mhUUJzIk960JN0tAy2Kr1uQSCiVo6mreKW57DUwOZ%2BywQhEI0uuQKB9eLIXWRYJIW3YoglOvhlpyt%2BQCm8rv2LwLqIRzoI25HxkQOqDl%2BySXCi941EGye1dOKLNRzBDhXVo%2FMa3jBLHT2UvClAvPvwu%2BXWhCbrOOjx9%2FsqCy5pn0%3D&Expires=1730376807","https://epdc.wiley.com/images/5b456ee9-f6ea-4833-82e0-c12d6b2bff39",200
"0f47ed8b-f65d-4675-8bf6-2f9f073eb6f1",PROD,QUE_76933,"media312567_FC_art311512975673.png","C:\Users\tasadulina\some_projects\MCS_Flashcards\9781119312567\media\media312567_FC_art311512975673.png",IMAGE,PNG,image/png,"1de485cd-add2-48e7-b8fd-f6993b14a197","https://epdc-prod-media.s3.amazonaws.com/source/images/1de485cd-add2-48e7-b8fd-f6993b14a197/c939bebe-abe2-462d-b533-2d0d0ef749a1/original.png?AWSAccessKeyId=ASIAQHH25EVPPOZBX2TG&Signature=ZPniT3gseXXBxGJ4UacQPvVuEVY%3D&content-type=image%2Fpng&x-amz-tagging=assetId%3D1de485cd-add2-48e7-b8fd-f6993b14a197%26versionId%3Dc939bebe-abe2-462d-b533-2d0d0ef749a1%26projectId%3D0f47ed8b-f65d-4675-8bf6-2f9f073eb6f1&x-amz-security-token=IQoJb3JpZ2luX2VjEBQaCXVzLWVhc3QtMSJHMEUCIQC5RrVP4kHpvn1PAer1PKUmnb07SVYVeobaaRNTb1V%2BFwIgesB%2FCRcz8lKZrNVxfBhLXMKffTgmvvg1UTNEAlpq8boqrAMIjP%2F%2F%2F%2F%2F%2F%2F%2F%2F%2FARACGgwwMTU1NTg1ODM2NDYiDLx7XZliI56x%2F0FHxCqAA7yr0pnk8H1oxYMb%2Bo1cC%2B9eFwktX2IEEiaGfoy4OgmqY%2BXKtE9HTDSJanOxZ5C%2F6NEWkT2EZ2LeeqzlFzWZVDxss98ilrA9Zf5SUtYv%2B3W%2FsFeVRPpIIT5xl7IO3nsMMbTT%2BDHUr0%2BUEI8BDKT2ebrMg1vpWryUH0Kd1%2BzX30SBB2M39Rz0rIby943jD9%2BRiNwE5P7cak1EWorIdUYsh%2B3%2F8ZnkchQSc9V1ScecZby7KrOxvpQ1UyAWUuZQl%2BLN%2BG6FDEZY%2FG%2ByQB4vHN6eyQK6pLgZDCwHBLxoC8OR8xbv2ZC0Xiu2UoL9in6V2kh%2FlS9FgpXvgOwKTyo1oNvMB0YgnyY3ZzEDTkwHkq3INKQYEtFGBDT4ba%2F1vVo7hDuady7Gs9rboVZKCTlfL%2Fc2UoJYMPoYZA9q7K%2Fpb42znhAetfbRbMMvNFoP5ds8Snj7O4hvDmxVP%2Bum3YgLgikO5B0L%2BIaJpa1H5Pg%2BTmry4CgEalFHDVnbzyQsaxdPDiHWjzDSzI25BjqdATmN1iwqPgivTXYLCDyj2f%2Fat2P7sTaICRVhg23mhUUJzIk960JN0tAy2Kr1uQSCiVo6mreKW57DUwOZ%2BywQhEI0uuQKB9eLIXWRYJIW3YoglOvhlpyt%2BQCm8rv2LwLqIRzoI25HxkQOqDl%2BySXCi941EGye1dOKLNRzBDhXVo%2FMa3jBLHT2UvClAvPvwu%2BXWhCbrOOjx9%2FsqCy5pn0%3D&Expires=1730376806","https://epdc.wiley.com/images/1de485cd-add2-48e7-b8fd-f6993b14a197",200
